{"Train Iter (time)": 0.028017652034759522, "_timestamp": 1664228651.6896205, "ETA (time)": 27949.54112266302, "Train Rays / Sec": 146221.41648293738, "Train Loss": 0.006040680222213268, "Train Loss Dict/rgb_loss": 0.004581000655889511, "Train Loss Dict/interlevel_loss": 0.001347568817436695, "Train Loss Dict/distortion_loss": 0.00011211083619855344, "Train Metrics Dict/psnr": 23.390396118164062, "_runtime": 77.09981656074524, "_step": 2431, "Eval Loss": 0.014530491083860397, "Eval Loss Dict/rgb_loss": 0.013189762830734253, "Eval Loss Dict/interlevel_loss": 0.0012257560156285763, "Eval Loss Dict/distortion_loss": 0.00011497166997287422, "Eval Metrics Dict/psnr": 18.79762840270996, "Test Rays / Sec": 883223.6052307144, "Eval Images Metrics/psnr": 19.961055755615234, "Eval Images Metrics/ssim": 0.726004958152771, "Eval Images Metrics/lpips": 0.21840330958366394, "Eval Images Metrics/image_idx": 16.0, "Eval Images Metrics/num_rays": 376000.0, "Eval Images/img": {"_type": "image-file", "sha256": "622d6995117b7621b51aad681783165119ee505af489cb068b6c034f41ef151a", "size": 993863, "path": "media/images/Eval Images/img_2000_622d6995117b7621b51a.png", "format": "png", "width": 1504, "height": 500}, "Eval Images/accumulation": {"_type": "image-file", "sha256": "8d79491222ff6aad655dc7941bb6407f0683a7b1368fdb282cf1969c8f671f4d", "size": 114201, "path": "media/images/Eval Images/accumulation_2000_8d79491222ff6aad655d.png", "format": "png", "width": 752, "height": 500}, "Eval Images/depth": {"_type": "image-file", "sha256": "54aa242ac2be7b3ad6c5d788f6904be60ef5dc8b33819668404d2d4bfa7b066f", "size": 222582, "path": "media/images/Eval Images/depth_2000_54aa242ac2be7b3ad6c5.png", "format": "png", "width": 752, "height": 500}, "_wandb": {"runtime": 76}}