{"Train Iter (time)": 0.02461724281311035, "_timestamp": 1664408138.5188172, "ETA (time)": 24519.02001428604, "Train Rays / Sec": 333782.8129375644, "Train Loss": 0.005198101978749037, "Train Loss Dict/rgb_loss": 0.005198101978749037, "Train Metrics Dict/psnr": 22.841548919677734, "Train Metrics Dict/num_samples_per_batch": 254789.0, "Train Metrics Dict/num_rays_per_batch": 1366.0, "_runtime": 146.9012851715088, "_step": 3990, "Eval Loss": 0.0060187894850969315, "Eval Loss Dict/rgb_loss": 0.0060187894850969315, "Eval Metrics Dict/psnr": 22.20490837097168, "Eval Metrics Dict/num_samples_per_batch": 264221.0, "Eval Metrics Dict/num_rays_per_batch": 1199.0, "Test Rays / Sec": 214616.91624570618, "Eval Images Metrics/psnr": 20.744457244873047, "Eval Images Metrics/ssim": 0.4502999484539032, "Eval Images Metrics/lpips": 0.5762688517570496, "Eval Images Metrics/image_idx": 8.0, "Eval Images Metrics/num_rays": 1088640.0, "Eval Images/img": {"_type": "image-file", "sha256": "30396fb167a6e9010680b6e9087f0c3a64450277a61fc84b74d31a4de5c8330f", "size": 3414610, "path": "media/images/Eval Images/img_3500_30396fb167a6e9010680.png", "format": "png", "width": 2592, "height": 840}, "Eval Images/accumulation": {"_type": "image-file", "sha256": "fd601391e5a03d16cb33373c6c5352111637dfcd86127ddbd8f3af7bf3f23acd", "size": 9573, "path": "media/images/Eval Images/accumulation_3500_fd601391e5a03d16cb33.png", "format": "png", "width": 1296, "height": 840}, "Eval Images/depth": {"_type": "image-file", "sha256": "8c5fb3ab443dc48ab2fd07ebafb3ed0ff26a1d4ba5804711fbec2e2bcc2c2e7d", "size": 514886, "path": "media/images/Eval Images/depth_3500_8c5fb3ab443dc48ab2fd.png", "format": "png", "width": 1296, "height": 840}, "Eval Images/alive_ray_mask": {"_type": "image-file", "sha256": "1d6ba735a7868580703dcd3fe7f67c08d81347c165d9c80a0398b76142593175", "size": 4919, "path": "media/images/Eval Images/alive_ray_mask_3500_1d6ba735a7868580703d.png", "format": "png", "width": 1296, "height": 840}, "_wandb": {"runtime": 146}}