{"Train Iter (time)": 0.020206856727600097, "_timestamp": 1664153104.0666833, "ETA (time)": 20167.27149527073, "Train Rays / Sec": 406365.99541380536, "Viewer Rendering (time)": 0.0005588412284851074, "Train Loss": 0.006463606376200914, "Train Loss Dict/rgb_loss": 0.006463606376200914, "Train Metrics Dict/psnr": 21.89525032043457, "Train Metrics Dict/num_samples_per_batch": 260269.0, "Train Metrics Dict/num_rays_per_batch": 2088.0, "_runtime": 103.55344939231873, "_step": 1959, "Eval Loss": 0.032340072095394135, "Eval Loss Dict/rgb_loss": 0.032340072095394135, "Eval Metrics Dict/psnr": 14.902589797973633, "Eval Metrics Dict/num_samples_per_batch": 287480.0, "Eval Metrics Dict/num_rays_per_batch": 1906.0, "Test Rays / Sec": 518856.81631021603, "Eval Images Metrics/psnr": 15.740470886230469, "Eval Images Metrics/ssim": 0.5016941428184509, "Eval Images Metrics/lpips": 0.69321209192276, "Eval Images Metrics/image_idx": 4.0, "Eval Images Metrics/num_rays": 4356240.0, "Eval Images/img": {"_type": "image-file", "sha256": "c83643d6db3a7343a4b303f73dc9c4a979530c8ef14498f13bef2d61b5e2f5b4", "size": 6565939, "path": "media/images/Eval Images/img_1500_c83643d6db3a7343a4b3.png", "format": "png", "width": 5186, "height": 1680}, "Eval Images/accumulation": {"_type": "image-file", "sha256": "ed2ce3ab521945dd362de6a3b8f9392c7cf99f9a894ba9d2474a584feccb3013", "size": 1661490, "path": "media/images/Eval Images/accumulation_1500_ed2ce3ab521945dd362d.png", "format": "png", "width": 2593, "height": 1680}, "Eval Images/depth": {"_type": "image-file", "sha256": "74f816c18ad3530cc52cfae20e8e50a220effee02f41be68373fcc5d1d0e4e10", "size": 2653656, "path": "media/images/Eval Images/depth_1500_74f816c18ad3530cc52c.png", "format": "png", "width": 2593, "height": 1680}, "Eval Images/alive_ray_mask": {"_type": "image-file", "sha256": "8856ddb6c61ab5207127612039d1bbffe6d07bc9f0c0090c07dec8be1dd31de2", "size": 16405, "path": "media/images/Eval Images/alive_ray_mask_1500_8856ddb6c61ab5207127.png", "format": "png", "width": 2593, "height": 1680}, "_wandb": {"runtime": 103}}