{"Train Iter (time)": 0.02544224262237549, "_timestamp": 1664310062.4328887, "ETA (time)": 25259.00759100914, "Train Rays / Sec": 161037.86016591988, "Train Loss": 0.003362665418535471, "Train Loss Dict/rgb_loss": 0.0029112002812325954, "Train Loss Dict/interlevel_loss": 0.0004345407651271671, "Train Loss Dict/distortion_loss": 1.692445221124217e-05, "Train Metrics Dict/psnr": 25.35927963256836, "_runtime": 206.3255536556244, "_step": 7202, "Eval Loss": 0.006276721600443125, "Eval Loss Dict/rgb_loss": 0.00584618654102087, "Eval Loss Dict/interlevel_loss": 0.00038550986209884286, "Eval Loss Dict/distortion_loss": 4.502515366766602e-05, "Eval Metrics Dict/psnr": 22.33127212524414, "Test Rays / Sec": 904819.5020116989, "Eval Images Metrics/psnr": 22.6263427734375, "Eval Images Metrics/ssim": 0.692333996295929, "Eval Images Metrics/lpips": 0.23614831268787384, "Eval Images Metrics/image_idx": 27.0, "Eval Images Metrics/num_rays": 129600.0, "Eval Images/img": {"_type": "image-file", "sha256": "11dc70bd3d22f76ea74e7cc71425d78c18149fbf18e2ee9c7ac198599ef7cc71", "size": 473063, "path": "media/images/Eval Images/img_7000_11dc70bd3d22f76ea74e.png", "format": "png", "width": 960, "height": 270}, "Eval Images/accumulation": {"_type": "image-file", "sha256": "45e2a8b44f4282760d904235e7dc203131f98885ed0f9d2147c61edfed3c16d0", "size": 40208, "path": "media/images/Eval Images/accumulation_7000_45e2a8b44f4282760d90.png", "format": "png", "width": 480, "height": 270}, "Eval Images/depth": {"_type": "image-file", "sha256": "09d9f25c74e5abb35bf7a694a4f586f70f3b46e4d7ebce7fa2e57a92bb5b0edd", "size": 108751, "path": "media/images/Eval Images/depth_7000_09d9f25c74e5abb35bf7.png", "format": "png", "width": 480, "height": 270}, "_wandb": {"runtime": 205}}