{"Train Iter (time)": 0.026973962783813477, "_timestamp": 1664496000.4425504, "ETA (time)": 26952.62637925148, "Train Rays / Sec": 154036.13974422248, "Train Loss": 0.005681775975972414, "Train Loss Dict/rgb_loss": 0.005508288275450468, "Train Loss Dict/interlevel_loss": 4.963722312822938e-05, "Train Loss Dict/distortion_loss": 0.00012385037553030998, "Train Metrics Dict/psnr": 22.589832305908203, "Train Metrics Dict/distortion": 0.01238503772765398, "_runtime": 34.00046634674072, "_step": 791, "Eval Loss": 0.008175874128937721, "Eval Loss Dict/rgb_loss": 0.007969465106725693, "Eval Loss Dict/interlevel_loss": 2.755350578809157e-05, "Eval Loss Dict/distortion_loss": 0.0001788559166016057, "Eval Metrics Dict/psnr": 20.985708236694336, "Eval Metrics Dict/distortion": 0.017885591834783554, "Test Rays / Sec": 461125.99310970126, "Eval Images Metrics/psnr": 21.838449478149414, "Eval Images Metrics/ssim": 0.431944340467453, "Eval Images Metrics/lpips": 0.5585054159164429, "Eval Images Metrics/image_idx": 17.0, "Eval Images Metrics/num_rays": 1088640.0, "Eval Images/img": {"_type": "image-file", "sha256": "c6b228808c48f2e37b3b84602329b52e34db18e00f7b97926fde338a434644ad", "size": 3486003, "path": "media/images/Eval Images/img_500_c6b228808c48f2e37b3b.png", "format": "png", "width": 2592, "height": 840}, "Eval Images/accumulation": {"_type": "image-file", "sha256": "f77274c5ff45392c0e1810f237e1103155ce1020e865c3dbfd9583d8cbc5260f", "size": 271709, "path": "media/images/Eval Images/accumulation_500_f77274c5ff45392c0e18.png", "format": "png", "width": 1296, "height": 840}, "Eval Images/depth": {"_type": "image-file", "sha256": "04dfcf8ebc9072a3aa0a8c001c9b7a35bba399d73e22745945d7f174b93bcff2", "size": 384022, "path": "media/images/Eval Images/depth_500_04dfcf8ebc9072a3aa0a.png", "format": "png", "width": 1296, "height": 840}, "Eval Images/prop_depth_0": {"_type": "image-file", "sha256": "af710b1d1c20f15f2e14459581c0b36ea219c6b2d532c0547bff27df6c78ec18", "size": 90461, "path": "media/images/Eval Images/prop_depth_0_500_af710b1d1c20f15f2e14.png", "format": "png", "width": 1296, "height": 840}, "_wandb": {"runtime": 33}}