{"Train Iter (time)": 0.040759050846099855, "_timestamp": 1664339665.7881846, "ETA (time)": 40755.66784487963, "Train Rays / Sec": 100500.62022676737, "Train Loss": 0.01343175396323204, "Train Loss Dict/rgb_loss": 0.01304839737713337, "Train Loss Dict/interlevel_loss": 0.00037278549280017614, "Train Loss Dict/distortion_loss": 1.057121335179545e-05, "Train Metrics Dict/psnr": 18.84442710876465, "_runtime": 14.296801567077637, "_step": 83, "_wandb": {"runtime": 14}}