{"Train Iter (time)": 0.026613450050354003, "_timestamp": 1664241269.315582, "ETA (time)": 26593.72948386669, "Train Rays / Sec": 155009.42962582986, "Train Loss": 0.007194065023213625, "Train Loss Dict/rgb_loss": 0.006142023950815201, "Train Loss Dict/interlevel_loss": 0.0008730426779948175, "Train Loss Dict/distortion_loss": 0.0001789984671631828, "Train Metrics Dict/psnr": 22.116884231567383, "_runtime": 29.97881293296814, "_step": 741, "Eval Loss": 0.02009950950741768, "Eval Loss Dict/rgb_loss": 0.018867818638682365, "Eval Loss Dict/interlevel_loss": 0.000992410583421588, "Eval Loss Dict/distortion_loss": 0.00023928027076181024, "Eval Metrics Dict/psnr": 17.242782592773438, "Test Rays / Sec": 222234.0081275173, "Eval Images Metrics/psnr": 17.676403045654297, "Eval Images Metrics/ssim": 0.6184293031692505, "Eval Images Metrics/lpips": 0.37728190422058105, "Eval Images Metrics/image_idx": 19.0, "Eval Images Metrics/num_rays": 376000.0, "Eval Images/img": {"_type": "image-file", "sha256": "ebf8bd413656c00b21840719e180f18fcd806f10a314a60d069eb290f94846e4", "size": 960429, "path": "media/images/Eval Images/img_500_ebf8bd413656c00b2184.png", "format": "png", "width": 1504, "height": 500}, "Eval Images/accumulation": {"_type": "image-file", "sha256": "bd3f6bd1b87797104cb8944286982ed1d72e4bda7a5172d68000cece45178f64", "size": 104858, "path": "media/images/Eval Images/accumulation_500_bd3f6bd1b87797104cb8.png", "format": "png", "width": 752, "height": 500}, "Eval Images/depth": {"_type": "image-file", "sha256": "09e1ec9bfe1ab77fb626fa66f41ec211b29f887fdbf574679b1e3c44df1bce76", "size": 306174, "path": "media/images/Eval Images/depth_500_09e1ec9bfe1ab77fb626.png", "format": "png", "width": 752, "height": 500}}