{"Train Iter (time)": 0.022055113315582277, "_timestamp": 1664467519.4221637, "ETA (time)": 21944.85980411768, "Train Rays / Sec": 371785.1613917606, "Train Loss": 0.004542907699942589, "Train Loss Dict/rgb_loss": 0.004542907699942589, "Train Metrics Dict/psnr": 23.426658630371094, "Train Metrics Dict/num_samples_per_batch": 263031.0, "Train Metrics Dict/num_rays_per_batch": 4324.0, "_runtime": 146.616064786911, "_step": 4999, "Eval Loss": 0.005353617947548628, "Eval Loss Dict/rgb_loss": 0.005353617947548628, "Eval Metrics Dict/psnr": 22.68655014038086, "Eval Metrics Dict/num_samples_per_batch": 1138615.0, "Eval Metrics Dict/num_rays_per_batch": 4172.0, "Test Rays / Sec": 591724.5389393116, "Eval Images Metrics/psnr": 23.990192413330078, "Eval Images Metrics/ssim": 0.4926903545856476, "Eval Images Metrics/lpips": 0.0, "Eval Images Metrics/image_idx": 13.0, "Eval Images Metrics/num_rays": 1088640.0, "Eval Images/img": {"_type": "image-file", "sha256": "9f467ab9836566786d7bbd9911cc9c8b878f1f7f5410ae5e692871707599e120", "size": 3557809, "path": "media/images/Eval Images/img_4500_9f467ab9836566786d7b.png", "format": "png", "width": 2592, "height": 840}, "Eval Images/accumulation": {"_type": "image-file", "sha256": "7a1958b9bb52d7e63558a149e4576eb2c4dcbf2362d404a055bebb5423ce84b9", "size": 52532, "path": "media/images/Eval Images/accumulation_4500_7a1958b9bb52d7e63558.png", "format": "png", "width": 1296, "height": 840}, "Eval Images/depth": {"_type": "image-file", "sha256": "cc5583b757a74a9d411b9cc1a2a65d322369c7cc5bc92fbbb9a55cee61198d1a", "size": 351735, "path": "media/images/Eval Images/depth_4500_cc5583b757a74a9d411b.png", "format": "png", "width": 1296, "height": 840}, "Eval Images/alive_ray_mask": {"_type": "image-file", "sha256": "1d6ba735a7868580703dcd3fe7f67c08d81347c165d9c80a0398b76142593175", "size": 4919, "path": "media/images/Eval Images/alive_ray_mask_4500_1d6ba735a7868580703d.png", "format": "png", "width": 1296, "height": 840}, "_wandb": {"runtime": 147}}