{"Train Iter (time)": 0.02547677755355835, "_timestamp": 1664407190.1959329, "ETA (time)": 25304.65644440651, "Train Rays / Sec": 161079.52667956796, "Train Loss": 0.003247051266953349, "Train Loss Dict/rgb_loss": 0.003121723886579275, "Train Loss Dict/interlevel_loss": 0.00012074101687176153, "Train Loss Dict/distortion_loss": 4.586381692206487e-06, "Train Metrics Dict/psnr": 25.056055068969727, "_runtime": 219.6378457546234, "_step": 6756, "Eval Loss": 0.004522600676864386, "Eval Loss Dict/rgb_loss": 0.004438124597072601, "Eval Loss Dict/interlevel_loss": 7.988150173332542e-05, "Eval Loss Dict/distortion_loss": 4.594481197273126e-06, "Eval Metrics Dict/psnr": 23.528003692626953, "Test Rays / Sec": 1048939.624655321, "Eval Images Metrics/psnr": 24.831846237182617, "Eval Images Metrics/ssim": 0.6073269248008728, "Eval Images Metrics/lpips": 0.34127292037010193, "Eval Images Metrics/image_idx": 9.0, "Eval Images Metrics/num_rays": 1088640.0, "Eval Images/img": {"_type": "image-file", "sha256": "aff832bb2323d0230bd6114f615f26b3a8925b556bfbfcbede24d823684fb2a5", "size": 3833805, "path": "media/images/Eval Images/img_6500_aff832bb2323d0230bd6.png", "format": "png", "width": 2592, "height": 840}, "Eval Images/accumulation": {"_type": "image-file", "sha256": "9138f040cac30a72fe9f6b0d9e82e3e3ac2f5d98bb1414eff52be96af16f8bc8", "size": 317978, "path": "media/images/Eval Images/accumulation_6500_9138f040cac30a72fe9f.png", "format": "png", "width": 1296, "height": 840}, "Eval Images/depth": {"_type": "image-file", "sha256": "1dca6c0d358667b5faa760a85b58c03e61fa03c419047b120d8e5bf32cfae1aa", "size": 644388, "path": "media/images/Eval Images/depth_6500_1dca6c0d358667b5faa7.png", "format": "png", "width": 1296, "height": 840}, "Eval Images/prop_depth_0": {"_type": "image-file", "sha256": "809c68d9d6b8654d7adf5493b3b87537354b144f4d934f466874b1c948f18992", "size": 398978, "path": "media/images/Eval Images/prop_depth_0_6500_809c68d9d6b8654d7adf.png", "format": "png", "width": 1296, "height": 840}, "_wandb": {"runtime": 219}}