{"Train Iter (time)": 0.0234810471534729, "_timestamp": 1664324371.863248, "ETA (time)": 23477.87721210718, "Train Rays / Sec": 174444.30156956258, "Train Loss": 0.1364271193742752, "Train Loss Dict/rgb_loss": 0.1364089846611023, "Train Loss Dict/interlevel_loss": 1.8106793504557572e-05, "Train Loss Dict/distortion_loss": 2.922104513913837e-08, "Train Metrics Dict/psnr": 8.651569366455078, "_runtime": 11.513636112213135, "_step": 135, "_wandb": {"runtime": 11}}