{"Train Iter (time)": 0.02454531192779541, "_timestamp": 1664341556.0012772, "ETA (time)": 24380.931973814964, "Train Rays / Sec": 168828.8458496579, "Train Loss": 0.004232979845255613, "Train Loss Dict/rgb_loss": 0.00390566885471344, "Train Loss Dict/interlevel_loss": 0.00032324105268344283, "Train Loss Dict/distortion_loss": 4.070035174663644e-06, "Train Metrics Dict/psnr": 24.083044052124023, "_runtime": 189.5295262336731, "_step": 6697, "Eval Loss": 0.005001600366085768, "Eval Loss Dict/rgb_loss": 0.004742735531181097, "Eval Loss Dict/interlevel_loss": 0.0002549696364440024, "Eval Loss Dict/distortion_loss": 3.89538536182954e-06, "Eval Metrics Dict/psnr": 23.239709854125977, "Test Rays / Sec": 1287164.614672685, "Eval Images Metrics/psnr": 24.557403564453125, "Eval Images Metrics/ssim": 0.5764009952545166, "Eval Images Metrics/lpips": 0.3569349944591522, "Eval Images Metrics/image_idx": 9.0, "Eval Images Metrics/num_rays": 1088640.0, "Eval Images/img": {"_type": "image-file", "sha256": "f487c8438956af2f160739d03a43f2380c2fa1495ddfa406bc6d62cccd351e92", "size": 3813190, "path": "media/images/Eval Images/img_6500_f487c8438956af2f1607.png", "format": "png", "width": 2592, "height": 840}, "Eval Images/accumulation": {"_type": "image-file", "sha256": "d547fd96da2681064657c47537d5e1985abddc8e243b61ef9f2fe8a426226192", "size": 317499, "path": "media/images/Eval Images/accumulation_6500_d547fd96da2681064657.png", "format": "png", "width": 1296, "height": 840}, "Eval Images/depth": {"_type": "image-file", "sha256": "de30efb49b3b651aadc3cba0d53084403a92edff1468eac64374677d70ef2b0e", "size": 577097, "path": "media/images/Eval Images/depth_6500_de30efb49b3b651aadc3.png", "format": "png", "width": 1296, "height": 840}, "Eval Images/prop_depth_0": {"_type": "image-file", "sha256": "0ea88c0cb8a6eb80fcd2cc32fe770cb59a9df1c2d225d0d5191ef100f44f8e41", "size": 368778, "path": "media/images/Eval Images/prop_depth_0_6500_0ea88c0cb8a6eb80fcd2.png", "format": "png", "width": 1296, "height": 840}, "_wandb": {"runtime": 189}}