{"Train Iter (time)": 0.02441878318786621, "_timestamp": 1664227216.3484042, "ETA (time)": 24340.911688280106, "Train Rays / Sec": 167748.25491278907, "Train Loss": 0.005544594023376703, "Train Loss Dict/rgb_loss": 0.004128413274884224, "Train Loss Dict/interlevel_loss": 0.0013219251995906234, "Train Loss Dict/distortion_loss": 9.425533789908513e-05, "Train Metrics Dict/psnr": 23.842166900634766, "_runtime": 95.91141319274902, "_step": 3189, "Eval Loss": 0.013575658202171326, "Eval Loss Dict/rgb_loss": 0.012284803204238415, "Eval Loss Dict/interlevel_loss": 0.001188742695376277, "Eval Loss Dict/distortion_loss": 0.00010211208427790552, "Eval Metrics Dict/psnr": 19.10631561279297, "Test Rays / Sec": 951048.3464675233, "Eval Images Metrics/psnr": 19.22688865661621, "Eval Images Metrics/ssim": 0.7774186134338379, "Eval Images Metrics/lpips": 0.17830681800842285, "Eval Images Metrics/image_idx": 6.0, "Eval Images Metrics/num_rays": 376000.0, "Eval Images/img": {"_type": "image-file", "sha256": "f77ecd72e7679f31fa5cc9d76093ecc79d733f6e23631388441352485716a00f", "size": 860644, "path": "media/images/Eval Images/img_3000_f77ecd72e7679f31fa5c.png", "format": "png", "width": 1504, "height": 500}, "Eval Images/accumulation": {"_type": "image-file", "sha256": "158cc55cf6b8f6fa6faca9f382035ad0210a5a037dcec139cae8f1eb0e8322a1", "size": 114217, "path": "media/images/Eval Images/accumulation_3000_158cc55cf6b8f6fa6fac.png", "format": "png", "width": 752, "height": 500}, "Eval Images/depth": {"_type": "image-file", "sha256": "f60832182b2332975288577654b4c1bca0d76f70b1f52490be87c7f823d55f78", "size": 165177, "path": "media/images/Eval Images/depth_3000_f60832182b2332975288.png", "format": "png", "width": 752, "height": 500}, "_wandb": {"runtime": 95}}