{"Train Iter (time)": 0.027641379833221437, "_timestamp": 1664494010.5433216, "ETA (time)": 27589.966866731644, "Train Rays / Sec": 149262.7911347385, "Train Loss": 0.004938987549394369, "Train Loss Dict/rgb_loss": 0.004839841276407242, "Train Loss Dict/interlevel_loss": 9.29830566747114e-05, "Train Loss Dict/distortion_loss": 6.163170837680809e-06, "Train Metrics Dict/psnr": 23.151687622070312, "_runtime": 67.39923357963562, "_step": 1860, "Eval Loss": 0.0057686311192810535, "Eval Loss Dict/rgb_loss": 0.005714974366128445, "Eval Loss Dict/interlevel_loss": 4.757097121910192e-05, "Eval Loss Dict/distortion_loss": 6.085773748054635e-06, "Eval Metrics Dict/psnr": 22.42985725402832, "Test Rays / Sec": 1303110.6788555838, "Eval Images Metrics/psnr": 23.787639617919922, "Eval Images Metrics/ssim": 0.5468183159828186, "Eval Images Metrics/lpips": 0.43030887842178345, "Eval Images Metrics/image_idx": 4.0, "Eval Images Metrics/num_rays": 1088640.0, "Eval Images/img": {"_type": "image-file", "sha256": "ff9b221b429a2aa6001dc654d96e035b8b1471dcbf2c8593c7c92ebec0ca8b3e", "size": 3341059, "path": "media/images/Eval Images/img_1500_ff9b221b429a2aa6001d.png", "format": "png", "width": 2592, "height": 840}, "Eval Images/accumulation": {"_type": "image-file", "sha256": "b32ba205c9d656b539fe627a6efc6d96273c295443db5cbfdf6e7e91b0e3a44a", "size": 319119, "path": "media/images/Eval Images/accumulation_1500_b32ba205c9d656b539fe.png", "format": "png", "width": 1296, "height": 840}, "Eval Images/depth": {"_type": "image-file", "sha256": "be9112fdcb127773fd6e571aefbf1fa31a3c4eee73b13d2a21189bf9d06ca4b6", "size": 756377, "path": "media/images/Eval Images/depth_1500_be9112fdcb127773fd6e.png", "format": "png", "width": 1296, "height": 840}, "Eval Images/prop_depth_0": {"_type": "image-file", "sha256": "0fa81f9d19e563c13962c2bf7e2b4407d49adc688fda45abc55eb49378796e85", "size": 395811, "path": "media/images/Eval Images/prop_depth_0_1500_0fa81f9d19e563c13962.png", "format": "png", "width": 1296, "height": 840}, "_wandb": {"runtime": 67}}