{"Train Iter (time)": 0.025222313404083253, "_timestamp": 1664347100.7432761, "ETA (time)": 25170.254549217225, "Train Rays / Sec": 162724.20190981714, "Train Loss": 0.004074340220540762, "Train Loss Dict/rgb_loss": 0.0038161154370754957, "Train Loss Dict/interlevel_loss": 0.0002120470453519374, "Train Loss Dict/distortion_loss": 4.617760714609176e-05, "Train Metrics Dict/psnr": 24.18378448486328, "_runtime": 65.01837420463562, "_step": 2064, "Eval Loss": 0.005875138100236654, "Eval Loss Dict/rgb_loss": 0.005643362179398537, "Eval Loss Dict/interlevel_loss": 0.00018730785814113915, "Eval Loss Dict/distortion_loss": 4.446791353984736e-05, "Eval Metrics Dict/psnr": 22.484619140625, "Test Rays / Sec": 741418.2302129345, "Eval Images Metrics/psnr": 22.546710968017578, "Eval Images Metrics/ssim": 0.6685723662376404, "Eval Images Metrics/lpips": 0.261125385761261, "Eval Images Metrics/image_idx": 15.0, "Eval Images Metrics/num_rays": 129600.0, "Eval Images/img": {"_type": "image-file", "sha256": "d8ba79bb1c1f3a7a013c5e4224353ccc133b49d3c57acf357dfc3700b680766c", "size": 500817, "path": "media/images/Eval Images/img_2000_d8ba79bb1c1f3a7a013c.png", "format": "png", "width": 960, "height": 270}, "Eval Images/accumulation": {"_type": "image-file", "sha256": "730e0ba583e0d9bf9357a01342a4863512ebc59c4fc5b1663686d891d9e2c171", "size": 37890, "path": "media/images/Eval Images/accumulation_2000_730e0ba583e0d9bf9357.png", "format": "png", "width": 480, "height": 270}, "Eval Images/depth": {"_type": "image-file", "sha256": "4125411685d961f818e1b115b2bc1d6602074092a8eb427e105ab24206e28112", "size": 78084, "path": "media/images/Eval Images/depth_2000_4125411685d961f818e1.png", "format": "png", "width": 480, "height": 270}, "Eval Images/prop_depth_0": {"_type": "image-file", "sha256": "6d16930de0897500d19d0bbfbadc056436dc7eb604b832030d1cf4e7fb16ac3c", "size": 51889, "path": "media/images/Eval Images/prop_depth_0_2000_6d16930de0897500d19d.png", "format": "png", "width": 480, "height": 270}, "_wandb": {"runtime": 64}}