{"Train Iter (time)": 0.025905525684356688, "_timestamp": 1664307154.59256, "ETA (time)": 25863.999126684663, "Train Rays / Sec": 158136.29788787634, "Train Loss": 0.054301921278238297, "Train Loss Dict/rgb_loss": 0.054291483014822006, "Train Loss Dict/interlevel_loss": 2.6119344909147912e-08, "Train Loss Dict/distortion_loss": 1.0412013580207713e-05, "Train Metrics Dict/psnr": 12.65268325805664, "_runtime": 109.71850109100342, "_step": 1603, "Eval Loss": 0.05605490133166313, "Eval Loss Dict/rgb_loss": 0.05590008944272995, "Eval Loss Dict/interlevel_loss": 0.0, "Eval Loss Dict/distortion_loss": 0.00015481049194931984, "Eval Metrics Dict/psnr": 12.525875091552734, "Test Rays / Sec": 656918.602728305, "Eval Images Metrics/psnr": 11.86705207824707, "Eval Images Metrics/ssim": 0.28238216042518616, "Eval Images Metrics/lpips": 0.7747712731361389, "Eval Images Metrics/image_idx": 18.0, "Eval Images Metrics/num_rays": 129600.0, "Eval Images/img": {"_type": "image-file", "sha256": "f344339ed4d0be7c9e13f7c68098b369efc033f43059ad6d2efe6b1407dff60b", "size": 252788, "path": "media/images/Eval Images/img_1500_f344339ed4d0be7c9e13.png", "format": "png", "width": 960, "height": 270}, "Eval Images/accumulation": {"_type": "image-file", "sha256": "6bdd1b13d4b6d2b54de0931b1f17253c53d87c9417fb8c2d99689335ab3083a8", "size": 39391, "path": "media/images/Eval Images/accumulation_1500_6bdd1b13d4b6d2b54de0.png", "format": "png", "width": 480, "height": 270}, "Eval Images/depth": {"_type": "image-file", "sha256": "82787b6c689e5eef04bf20c0461e9e77a45ec19635f1c150b5d853f897d3cde3", "size": 53596, "path": "media/images/Eval Images/depth_1500_82787b6c689e5eef04bf.png", "format": "png", "width": 480, "height": 270}, "_wandb": {"runtime": 109}}