{"Train Iter (time)": 0.026419854164123534, "_timestamp": 1664315456.1102688, "ETA (time)": 26354.782063317296, "Train Rays / Sec": 156504.5687799374, "Train Loss": 0.00473757553845644, "Train Loss Dict/rgb_loss": 0.0041009606793522835, "Train Loss Dict/interlevel_loss": 0.0006195101886987686, "Train Loss Dict/distortion_loss": 1.7104710423154756e-05, "Train Metrics Dict/psnr": 23.871143341064453, "_runtime": 74.26735877990723, "_step": 2463, "Eval Loss": 0.006661316845566034, "Eval Loss Dict/rgb_loss": 0.006083676125854254, "Eval Loss Dict/interlevel_loss": 0.0005009190062992275, "Eval Loss Dict/distortion_loss": 7.672195351915434e-05, "Eval Metrics Dict/psnr": 22.15833854675293, "Test Rays / Sec": 768780.0260753364, "Eval Images Metrics/psnr": 22.364046096801758, "Eval Images Metrics/ssim": 0.6498695611953735, "Eval Images Metrics/lpips": 0.26565027236938477, "Eval Images Metrics/image_idx": 15.0, "Eval Images Metrics/num_rays": 129600.0, "Eval Images/img": {"_type": "image-file", "sha256": "6f4425214c815c717061ff86616765feb432fe25af94bf11afb0bc62ad908279", "size": 500777, "path": "media/images/Eval Images/img_2000_6f4425214c815c717061.png", "format": "png", "width": 960, "height": 270}, "Eval Images/accumulation": {"_type": "image-file", "sha256": "325f512e979b45fc8f7d70db8e56ca8a5a98674ba223b26b3c64d1bd30105e87", "size": 40450, "path": "media/images/Eval Images/accumulation_2000_325f512e979b45fc8f7d.png", "format": "png", "width": 480, "height": 270}, "Eval Images/depth": {"_type": "image-file", "sha256": "2958e5c5504fed3c75304e4331847ee2086366055f52d7340a13bde81ffd1f6d", "size": 138471, "path": "media/images/Eval Images/depth_2000_2958e5c5504fed3c7530.png", "format": "png", "width": 480, "height": 270}, "_wandb": {"runtime": 73}}