{"Train Iter (time)": 0.025381314754486083, "_timestamp": 1664346256.1531096, "ETA (time)": 25239.103247916697, "Train Rays / Sec": 161415.65987297293, "Train Loss": 0.002985166385769844, "Train Loss Dict/rgb_loss": 0.002854288090020418, "Train Loss Dict/interlevel_loss": 8.760197670198977e-05, "Train Loss Dict/distortion_loss": 4.327623173594475e-05, "Train Metrics Dict/psnr": 25.44502067565918, "_runtime": 162.10777854919434, "_step": 5603, "Eval Loss": 0.005443389993160963, "Eval Loss Dict/rgb_loss": 0.005378864239901304, "Eval Loss Dict/interlevel_loss": 2.096993375744205e-05, "Eval Loss Dict/distortion_loss": 4.355566852609627e-05, "Eval Metrics Dict/psnr": 22.693092346191406, "Test Rays / Sec": 651304.6236695913, "Eval Images Metrics/psnr": 24.124197006225586, "Eval Images Metrics/ssim": 0.797369122505188, "Eval Images Metrics/lpips": 0.13949307799339294, "Eval Images Metrics/image_idx": 30.0, "Eval Images Metrics/num_rays": 129600.0, "Eval Images/img": {"_type": "image-file", "sha256": "496fd90796b084bf18a4a48608e00c081f8315b75c9602cc1d6882b79dab33d5", "size": 416805, "path": "media/images/Eval Images/img_5500_496fd90796b084bf18a4.png", "format": "png", "width": 960, "height": 270}, "Eval Images/accumulation": {"_type": "image-file", "sha256": "58ae595c8682af93ddf07bef8e36ee10ce2993ddb21742c0860df0e1f30ee63e", "size": 12938, "path": "media/images/Eval Images/accumulation_5500_58ae595c8682af93ddf0.png", "format": "png", "width": 480, "height": 270}, "Eval Images/depth": {"_type": "image-file", "sha256": "24b61dae41aa7d1dce9882077edda69e0bd67c13cdd3394f08ac2649153c00b1", "size": 92794, "path": "media/images/Eval Images/depth_5500_24b61dae41aa7d1dce98.png", "format": "png", "width": 480, "height": 270}, "Eval Images/prop_depth_0": {"_type": "image-file", "sha256": "f385f10d6c71e9ed7bb313d1612468fc9cdb95d80e94c9b2b398cc1c6bd49056", "size": 57593, "path": "media/images/Eval Images/prop_depth_0_5500_f385f10d6c71e9ed7bb3.png", "format": "png", "width": 480, "height": 270}, "_wandb": {"runtime": 161}}