{"Train Iter (time)": 0.024125945568084717, "_timestamp": 1664240462.2326355, "ETA (time)": 24024.061699950696, "Train Rays / Sec": 169842.87702433424, "Train Loss": 0.0052925534546375275, "Train Loss Dict/rgb_loss": 0.003984661772847176, "Train Loss Dict/interlevel_loss": 0.0012133403215557337, "Train Loss Dict/distortion_loss": 9.455159306526184e-05, "Train Metrics Dict/psnr": 23.996084213256836, "_runtime": 122.50930643081665, "_step": 4223, "Eval Loss": 0.012397199869155884, "Eval Loss Dict/rgb_loss": 0.011090962216258049, "Eval Loss Dict/interlevel_loss": 0.0012124027125537395, "Eval Loss Dict/distortion_loss": 9.383492579218e-05, "Eval Metrics Dict/psnr": 19.550308227539062, "Test Rays / Sec": 992021.1097331734, "Eval Images Metrics/psnr": 21.03639030456543, "Eval Images Metrics/ssim": 0.776204526424408, "Eval Images Metrics/lpips": 0.19667701423168182, "Eval Images Metrics/image_idx": 17.0, "Eval Images Metrics/num_rays": 376000.0, "Eval Images/img": {"_type": "image-file", "sha256": "cd962534e1b22d5ec90ffe7e8b2ce4699dafae588fb7754f862354d8973bbd9d", "size": 889148, "path": "media/images/Eval Images/img_4000_cd962534e1b22d5ec90f.png", "format": "png", "width": 1504, "height": 500}, "Eval Images/accumulation": {"_type": "image-file", "sha256": "b02b120d0b0245f11e3d66e68df3c9b938ef5edff16b2d1abe43b86d6d1b6c60", "size": 111936, "path": "media/images/Eval Images/accumulation_4000_b02b120d0b0245f11e3d.png", "format": "png", "width": 752, "height": 500}, "Eval Images/depth": {"_type": "image-file", "sha256": "65c8d3bc3373739c9aab984d91dec2f167535bfbffbbf7b08fb780786590c493", "size": 173209, "path": "media/images/Eval Images/depth_4000_65c8d3bc3373739c9aab.png", "format": "png", "width": 752, "height": 500}, "_wandb": {"runtime": 122}}