{"Train Iter (time)": 0.026599645614624023, "_timestamp": 1664346629.8787708, "ETA (time)": 26458.69409251213, "Train Rays / Sec": 154881.320875136, "Train Loss": 0.0030971786472946405, "Train Loss Dict/rgb_loss": 0.0029613138176500797, "Train Loss Dict/interlevel_loss": 9.433942614123225e-05, "Train Loss Dict/distortion_loss": 4.1525298001943156e-05, "Train Metrics Dict/psnr": 25.28515625, "_runtime": 152.9036009311676, "_step": 5299, "Eval Loss": 0.005467041861265898, "Eval Loss Dict/rgb_loss": 0.00536385690793395, "Eval Loss Dict/interlevel_loss": 6.023757305229083e-05, "Eval Loss Dict/distortion_loss": 4.294739119359292e-05, "Eval Metrics Dict/psnr": 22.705228805541992, "Test Rays / Sec": 932409.2084942771, "Eval Images Metrics/psnr": 24.613950729370117, "Eval Images Metrics/ssim": 0.7706279158592224, "Eval Images Metrics/lpips": 0.19882501661777496, "Eval Images Metrics/image_idx": 1.0, "Eval Images Metrics/num_rays": 129600.0, "Eval Images/img": {"_type": "image-file", "sha256": "e365f2ece67054691cfc3621b1978562ee2b251a726d33f01ea590779e48e5f7", "size": 485042, "path": "media/images/Eval Images/img_5000_e365f2ece67054691cfc.png", "format": "png", "width": 960, "height": 270}, "Eval Images/accumulation": {"_type": "image-file", "sha256": "10513016b02c63e31d6ae0387ed9196b964f79e33ffd2766ae7b6efb5cf6d3e6", "size": 37278, "path": "media/images/Eval Images/accumulation_5000_10513016b02c63e31d6a.png", "format": "png", "width": 480, "height": 270}, "Eval Images/depth": {"_type": "image-file", "sha256": "a8afcaef62f42d6d90406f142655e4b97fb6134a828de8149a830dbae07c6966", "size": 81241, "path": "media/images/Eval Images/depth_5000_a8afcaef62f42d6d9040.png", "format": "png", "width": 480, "height": 270}, "Eval Images/prop_depth_0": {"_type": "image-file", "sha256": "87f9b54b7931655d2cca72ea26813a25ab111576cce854d03749455418a71abe", "size": 56421, "path": "media/images/Eval Images/prop_depth_0_5000_87f9b54b7931655d2cca.png", "format": "png", "width": 480, "height": 270}, "_wandb": {"runtime": 152}}