{"Train Iter (time)": 0.01902118921279907, "_timestamp": 1664407272.5619211, "ETA (time)": 18969.92710787058, "Train Rays / Sec": 436643.4554262234, "Train Loss": 0.007716872729361057, "Train Loss Dict/rgb_loss": 0.007716872729361057, "Train Metrics Dict/psnr": 21.125585556030273, "Train Metrics Dict/num_samples_per_batch": 264906.0, "Train Metrics Dict/num_rays_per_batch": 2563.0, "_runtime": 74.4671540260315, "_step": 2695, "Eval Loss": 0.017544155940413475, "Eval Loss Dict/rgb_loss": 0.017544155940413475, "Eval Metrics Dict/psnr": 17.558673858642578, "Eval Metrics Dict/num_samples_per_batch": 256819.0, "Eval Metrics Dict/num_rays_per_batch": 2556.0, "Test Rays / Sec": 890808.4730260286, "Eval Images Metrics/psnr": 17.264436721801758, "Eval Images Metrics/ssim": 0.35317856073379517, "Eval Images Metrics/lpips": 0.6826309561729431, "Eval Images Metrics/image_idx": 17.0, "Eval Images Metrics/num_rays": 1088640.0, "Eval Images/img": {"_type": "image-file", "sha256": "22503fab14507f47ebdb61d2dfc067534366858dcc5fd4ed194deec75ebe1733", "size": 3349618, "path": "media/images/Eval Images/img_2500_22503fab14507f47ebdb.png", "format": "png", "width": 2592, "height": 840}, "Eval Images/accumulation": {"_type": "image-file", "sha256": "5d16f1dc6b5bbb57dce10f963652df25c36c0af11c9913caed8ee9f2d78a26a5", "size": 655327, "path": "media/images/Eval Images/accumulation_2500_5d16f1dc6b5bbb57dce1.png", "format": "png", "width": 1296, "height": 840}, "Eval Images/depth": {"_type": "image-file", "sha256": "eeb73a3d48f0610d0d4436c2c398b86225bc551d121d6bfe865c5571deb58af3", "size": 1318964, "path": "media/images/Eval Images/depth_2500_eeb73a3d48f0610d0d44.png", "format": "png", "width": 1296, "height": 840}, "Eval Images/alive_ray_mask": {"_type": "image-file", "sha256": "1d6ba735a7868580703dcd3fe7f67c08d81347c165d9c80a0398b76142593175", "size": 4919, "path": "media/images/Eval Images/alive_ray_mask_2500_1d6ba735a7868580703d.png", "format": "png", "width": 1296, "height": 840}, "_wandb": {"runtime": 74}}