{"Train Iter (time)": 0.02571371793746948, "_timestamp": 1664227462.3316379, "ETA (time)": 25539.224647545812, "Train Rays / Sec": 160172.1459677614, "Train Loss": 0.0056261420249938965, "Train Loss Dict/rgb_loss": 0.003901589196175337, "Train Loss Dict/interlevel_loss": 0.00164564058650285, "Train Loss Dict/distortion_loss": 7.891247514635324e-05, "Train Metrics Dict/psnr": 24.087583541870117, "_runtime": 196.04727578163147, "_step": 6786, "Eval Loss": 0.012175790034234524, "Eval Loss Dict/rgb_loss": 0.010808534920215607, "Eval Loss Dict/interlevel_loss": 0.0012839010450989008, "Eval Loss Dict/distortion_loss": 8.335417078342289e-05, "Eval Metrics Dict/psnr": 19.662330627441406, "Test Rays / Sec": 1040667.4385569209, "Eval Images Metrics/psnr": 22.155189514160156, "Eval Images Metrics/ssim": 0.7717825174331665, "Eval Images Metrics/lpips": 0.16331349313259125, "Eval Images Metrics/image_idx": 16.0, "Eval Images Metrics/num_rays": 376000.0, "Eval Images/img": {"_type": "image-file", "sha256": "8a921c71dd5d5ada62073788b8c716945091e10d2d33aa3a7c1b74ded9028705", "size": 975110, "path": "media/images/Eval Images/img_6500_8a921c71dd5d5ada6207.png", "format": "png", "width": 1504, "height": 500}, "Eval Images/accumulation": {"_type": "image-file", "sha256": "3b0cdf6255681751652dcc55408957503322296bfab9daa0719e5e53f9287435", "size": 113752, "path": "media/images/Eval Images/accumulation_6500_3b0cdf6255681751652d.png", "format": "png", "width": 752, "height": 500}, "Eval Images/depth": {"_type": "image-file", "sha256": "37683ddbc6b3cdac499e860eb10c850cf3f88b62ea8acb739538e43a1ce0d73d", "size": 222423, "path": "media/images/Eval Images/depth_6500_37683ddbc6b3cdac499e.png", "format": "png", "width": 752, "height": 500}, "_wandb": {"runtime": 195}}