{"Train Iter (time)": 0.02483283281326294, "_timestamp": 1664346950.4467556, "ETA (time)": 24583.46150615215, "Train Rays / Sec": 165057.4597882367, "Train Loss": 0.002403863938525319, "Train Loss Dict/rgb_loss": 0.0022615729831159115, "Train Loss Dict/interlevel_loss": 0.00010265837772749364, "Train Loss Dict/distortion_loss": 3.9632599509786814e-05, "Train Metrics Dict/psnr": 26.45589256286621, "_runtime": 276.7285895347595, "_step": 10042, "Eval Loss": 0.005249082576483488, "Eval Loss Dict/rgb_loss": 0.0051442901603877544, "Eval Loss Dict/interlevel_loss": 6.423152808565646e-05, "Eval Loss Dict/distortion_loss": 4.05608989240136e-05, "Eval Metrics Dict/psnr": 22.886743545532227, "Test Rays / Sec": 979947.5123929, "Eval Images Metrics/psnr": 23.150793075561523, "Eval Images Metrics/ssim": 0.7571588754653931, "Eval Images Metrics/lpips": 0.18873128294944763, "Eval Images Metrics/image_idx": 27.0, "Eval Images Metrics/num_rays": 129600.0, "Eval Images/img": {"_type": "image-file", "sha256": "5970e8bb2cf80bf0c2a20a9dda14a7bb07e45cc6f945e730182583707ae56a78", "size": 487153, "path": "media/images/Eval Images/img_10000_5970e8bb2cf80bf0c2a2.png", "format": "png", "width": 960, "height": 270}, "Eval Images/accumulation": {"_type": "image-file", "sha256": "d9e2fbf68b3be0436c7f64f32d9aad8b9b1cf1e1353ea4016e7942fc72b6bdd1", "size": 35847, "path": "media/images/Eval Images/accumulation_10000_d9e2fbf68b3be0436c7f.png", "format": "png", "width": 480, "height": 270}, "Eval Images/depth": {"_type": "image-file", "sha256": "9664026d5a8dfea2b61c0b40cd26b8cbbe507a39e565c4a41e78776bfb44740a", "size": 116765, "path": "media/images/Eval Images/depth_10000_9664026d5a8dfea2b61c.png", "format": "png", "width": 480, "height": 270}, "Eval Images/prop_depth_0": {"_type": "image-file", "sha256": "e5fe6f6f74afba57dd6c8ba8f3be75dcb1feafef2e19370596abc9c506236e08", "size": 90455, "path": "media/images/Eval Images/prop_depth_0_10000_e5fe6f6f74afba57dd6c.png", "format": "png", "width": 480, "height": 270}, "_wandb": {"runtime": 276}}