{"Train Iter (time)": 0.05493063926696777, "_timestamp": 1664212741.0283988, "ETA (time)": 54848.24330806732, "Train Rays / Sec": 298276.98970310757, "Train Loss": 0.005785126704722643, "Train Loss Dict/rgb_loss": 0.004443934187293053, "Train Loss Dict/interlevel_loss": 0.001220974139869213, "Train Loss Dict/distortion_loss": 0.00012021829024888575, "Train Metrics Dict/psnr": 23.522323608398438, "_runtime": 95.11050772666931, "_step": 1500, "Eval Loss": 0.013920572586357594, "Eval Loss Dict/rgb_loss": 0.012611720710992813, "Eval Loss Dict/interlevel_loss": 0.0011934677604585886, "Eval Loss Dict/distortion_loss": 0.00011538436228875071, "Eval Metrics Dict/psnr": 18.99225616455078, "Test Rays / Sec": 726869.3966629474, "Eval Images Metrics/psnr": 19.80613899230957, "Eval Images Metrics/ssim": 0.715583086013794, "Eval Images Metrics/lpips": 0.23745658993721008, "Eval Images Metrics/image_idx": 8.0, "Eval Images Metrics/num_rays": 376000.0, "Eval Images/img": {"_type": "image-file", "sha256": "3354254404f04953395ffccc880c8d5a90d04682e332a3fe33913e95d96471f2", "size": 893779, "path": "media/images/Eval Images/img_1000_3354254404f04953395f.png", "format": "png", "width": 1504, "height": 500}, "Eval Images/accumulation": {"_type": "image-file", "sha256": "5959a37f4d8952c3b2950d7cc6b922d33ef8a311a297a21acaf947c7bd430dee", "size": 114258, "path": "media/images/Eval Images/accumulation_1000_5959a37f4d8952c3b295.png", "format": "png", "width": 752, "height": 500}, "Eval Images/depth": {"_type": "image-file", "sha256": "ba185506c0a6d0e757d6caa12fb4cddc99a70d27a7a42471a455761beaacbd22", "size": 193750, "path": "media/images/Eval Images/depth_1000_ba185506c0a6d0e757d6.png", "format": "png", "width": 752, "height": 500}, "_wandb": {"runtime": 94}}