{"Train Iter (time)": 0.02546309232711792, "_timestamp": 1664229619.4053884, "ETA (time)": 25458.177950298785, "Train Rays / Sec": 162292.8957387203, "Train Loss": 0.011622120626270771, "Train Loss Dict/rgb_loss": 0.010303317569196224, "Train Loss Dict/interlevel_loss": 0.000988564919680357, "Train Loss Dict/distortion_loss": 0.0003302383702248335, "Train Metrics Dict/psnr": 19.870227813720703, "_runtime": 13.173956394195557, "_step": 193, "_wandb": {"runtime": 12}}