{"Train Iter (time)": 0.036014676094055176, "_timestamp": 1664211022.2225554, "ETA (time)": 35848.00017309189, "Train Rays / Sec": 227628.90165676348, "Train Loss": 0.004696797579526901, "Train Loss Dict/rgb_loss": 0.0035248324275016785, "Train Loss Dict/interlevel_loss": 0.0010897667380049825, "Train Loss Dict/distortion_loss": 8.219853043556213e-05, "Train Metrics Dict/psnr": 24.528614044189453, "_runtime": 188.98395133018494, "_step": 4628, "Eval Loss": 0.012727227061986923, "Eval Loss Dict/rgb_loss": 0.011616647243499756, "Eval Loss Dict/interlevel_loss": 0.0010276688262820244, "Eval Loss Dict/distortion_loss": 8.291077392641455e-05, "Eval Metrics Dict/psnr": 19.349191665649414, "Test Rays / Sec": 921729.3996555931, "Eval Images Metrics/psnr": 21.57071304321289, "Eval Images Metrics/ssim": 0.7662740349769592, "Eval Images Metrics/lpips": 0.16757237911224365, "Eval Images Metrics/image_idx": 18.0, "Eval Images Metrics/num_rays": 376000.0, "Eval Images/img": {"_type": "image-file", "sha256": "cda8445977c2b986db79b4ae7c00c181d8c4ee8bcff4cef5a45f071abca9141e", "size": 1026651, "path": "media/images/Eval Images/img_4500_cda8445977c2b986db79.png", "format": "png", "width": 1504, "height": 500}, "Eval Images/accumulation": {"_type": "image-file", "sha256": "f31bff99724b6832194840afdf81eda8e56b1c8d0bf1cb5a7b650aa58032d273", "size": 112942, "path": "media/images/Eval Images/accumulation_4500_f31bff99724b68321948.png", "format": "png", "width": 752, "height": 500}, "Eval Images/depth": {"_type": "image-file", "sha256": "03cd8838ad6f2cb855d38c238af4be522b1b5cfc06874148577a7e249cec3fe4", "size": 206897, "path": "media/images/Eval Images/depth_4500_03cd8838ad6f2cb855d3.png", "format": "png", "width": 752, "height": 500}, "_wandb": {"runtime": 188}}