{"Train Iter (time)": 0.025254261493682862, "_timestamp": 1664498061.8388865, "ETA (time)": 25119.580517137052, "Train Rays / Sec": 162683.38298092288, "Train Loss": 0.003769675502553582, "Train Loss Dict/rgb_loss": 0.003602554090321064, "Train Loss Dict/interlevel_loss": 0.00010994274634867907, "Train Loss Dict/distortion_loss": 5.717878229916096e-05, "Train Metrics Dict/psnr": 24.433895111083984, "Train Metrics Dict/distortion": 0.005717878229916096, "_runtime": 169.93316555023193, "_step": 5333, "Eval Loss": 0.005261360667645931, "Eval Loss Dict/rgb_loss": 0.005127681419253349, "Eval Loss Dict/interlevel_loss": 7.922267832327634e-05, "Eval Loss Dict/distortion_loss": 5.44567774340976e-05, "Eval Metrics Dict/psnr": 22.900789260864258, "Eval Metrics Dict/distortion": 0.005445677787065506, "Test Rays / Sec": 1030494.177763612, "Eval Images Metrics/psnr": 23.162485122680664, "Eval Images Metrics/ssim": 0.6005036234855652, "Eval Images Metrics/lpips": 0.32538726925849915, "Eval Images Metrics/image_idx": 6.0, "Eval Images Metrics/num_rays": 1088640.0, "Eval Images/img": {"_type": "image-file", "sha256": "cc3949b43b0c3d53b0b289e7cc12f13265f46a5b87c6367b6f810bed8c0a8147", "size": 3857843, "path": "media/images/Eval Images/img_5000_cc3949b43b0c3d53b0b2.png", "format": "png", "width": 2592, "height": 840}, "Eval Images/accumulation": {"_type": "image-file", "sha256": "1daf291a48cbecd509de58f083c82fd07ecdd613cd8f22ebc8b89aab74601e90", "size": 241006, "path": "media/images/Eval Images/accumulation_5000_1daf291a48cbecd509de.png", "format": "png", "width": 1296, "height": 840}, "Eval Images/depth": {"_type": "image-file", "sha256": "ebc4b180e7639233c3e831c50a77a3223340251df7f4dbbdad1da9f4f2e2937b", "size": 274121, "path": "media/images/Eval Images/depth_5000_ebc4b180e7639233c3e8.png", "format": "png", "width": 1296, "height": 840}, "Eval Images/prop_depth_0": {"_type": "image-file", "sha256": "a4d190f64b6d0f2ec855dba5bf7ad094fe9a3f525510af72d920786c8815a049", "size": 196348, "path": "media/images/Eval Images/prop_depth_0_5000_a4d190f64b6d0f2ec855.png", "format": "png", "width": 1296, "height": 840}, "_wandb": {"runtime": 169}}