{"Train Iter (time)": 0.018889248371124268, "_timestamp": 1664406956.5111535, "ETA (time)": 18791.968742012978, "Train Rays / Sec": 434452.0193905536, "Train Loss": 0.005666237324476242, "Train Loss Dict/rgb_loss": 0.005666237324476242, "Train Metrics Dict/psnr": 22.467052459716797, "Train Metrics Dict/num_samples_per_batch": 258243.0, "Train Metrics Dict/num_rays_per_batch": 3017.0, "_runtime": 134.25192737579346, "_step": 5150, "Eval Loss": 0.006288751028478146, "Eval Loss Dict/rgb_loss": 0.006288751028478146, "Eval Metrics Dict/psnr": 22.014354705810547, "Eval Metrics Dict/num_samples_per_batch": 270416.0, "Eval Metrics Dict/num_rays_per_batch": 2948.0, "Test Rays / Sec": 920945.2364438756, "Eval Images Metrics/psnr": 22.4301700592041, "Eval Images Metrics/ssim": 0.4839516580104828, "Eval Images Metrics/lpips": 0.46835410594940186, "Eval Images Metrics/image_idx": 6.0, "Eval Images Metrics/num_rays": 1088640.0, "Eval Images/img": {"_type": "image-file", "sha256": "e3b16567081a0353bb7d8dcdf21c0dd8e87b7e5af590b27f2de0d9356d7c2b94", "size": 3661930, "path": "media/images/Eval Images/img_5000_e3b16567081a0353bb7d.png", "format": "png", "width": 2592, "height": 840}, "Eval Images/accumulation": {"_type": "image-file", "sha256": "91664b797e79d4c9650e24e691e24fc781d09a7ddc3cfcf7f68f8865591e0315", "size": 62054, "path": "media/images/Eval Images/accumulation_5000_91664b797e79d4c9650e.png", "format": "png", "width": 1296, "height": 840}, "Eval Images/depth": {"_type": "image-file", "sha256": "1f217f1379ba592f924f93aee3506eeeb6abff3a4c494f01a57245ff2d06dba5", "size": 545201, "path": "media/images/Eval Images/depth_5000_1f217f1379ba592f924f.png", "format": "png", "width": 1296, "height": 840}, "Eval Images/alive_ray_mask": {"_type": "image-file", "sha256": "1d6ba735a7868580703dcd3fe7f67c08d81347c165d9c80a0398b76142593175", "size": 4919, "path": "media/images/Eval Images/alive_ray_mask_5000_1d6ba735a7868580703d.png", "format": "png", "width": 1296, "height": 840}, "_wandb": {"runtime": 133}}