{"Train Iter (time)": 0.019311976432800294, "_timestamp": 1664407688.8707426, "ETA (time)": 19254.040503501892, "Train Rays / Sec": 425835.5026445819, "Train Loss": 0.005375200416892767, "Train Loss Dict/rgb_loss": 0.005375200416892767, "Train Metrics Dict/psnr": 22.69605255126953, "Train Metrics Dict/num_samples_per_batch": 258933.0, "Train Metrics Dict/num_rays_per_batch": 2707.0, "_runtime": 82.231609582901, "_step": 3000, "Eval Loss": 0.006432516500353813, "Eval Loss Dict/rgb_loss": 0.006432516500353813, "Eval Metrics Dict/psnr": 21.91619110107422, "Eval Metrics Dict/num_samples_per_batch": 259111.0, "Eval Metrics Dict/num_rays_per_batch": 2707.0, "Test Rays / Sec": 745764.6405674267, "Eval Images Metrics/psnr": 21.46348762512207, "Eval Images Metrics/ssim": 0.48879531025886536, "Eval Images Metrics/lpips": 0.5114267468452454, "Eval Images Metrics/image_idx": 5.0, "Eval Images Metrics/num_rays": 1088640.0, "Eval Images/img": {"_type": "image-file", "sha256": "b436ea5b0866a6c3f37ac1c01a17cf8c866c829b43f774b19275aac8d4c860f8", "size": 3637710, "path": "media/images/Eval Images/img_2500_b436ea5b0866a6c3f37a.png", "format": "png", "width": 2592, "height": 840}, "Eval Images/accumulation": {"_type": "image-file", "sha256": "fd7d9a7d49ce1259d38469d2228d922018649280c2d39802d19d7894698603e1", "size": 19236, "path": "media/images/Eval Images/accumulation_2500_fd7d9a7d49ce1259d384.png", "format": "png", "width": 1296, "height": 840}, "Eval Images/depth": {"_type": "image-file", "sha256": "cba573f79b367efc132e2aa0a414f40117b1b15567edbcf9f04f378a6270c1f4", "size": 652018, "path": "media/images/Eval Images/depth_2500_cba573f79b367efc132e.png", "format": "png", "width": 1296, "height": 840}, "Eval Images/alive_ray_mask": {"_type": "image-file", "sha256": "1d6ba735a7868580703dcd3fe7f67c08d81347c165d9c80a0398b76142593175", "size": 4919, "path": "media/images/Eval Images/alive_ray_mask_2500_1d6ba735a7868580703d.png", "format": "png", "width": 1296, "height": 840}, "_wandb": {"runtime": 82}}