{"Train Iter (time)": 0.025077056884765626, "_timestamp": 1664315367.3715372, "ETA (time)": 24985.751320648193, "Train Rays / Sec": 163658.47529216082, "Train Loss": 0.003953662235289812, "Train Loss Dict/rgb_loss": 0.0032366695813834667, "Train Loss Dict/interlevel_loss": 0.0007009929395280778, "Train Loss Dict/distortion_loss": 1.599965435161721e-05, "Train Metrics Dict/psnr": 24.899015426635742, "_runtime": 104.14371609687805, "_step": 3641, "Eval Loss": 0.006555191706866026, "Eval Loss Dict/rgb_loss": 0.005906908772885799, "Eval Loss Dict/interlevel_loss": 0.0005676960572600365, "Eval Loss Dict/distortion_loss": 8.058699313551188e-05, "Eval Metrics Dict/psnr": 22.28639793395996, "Test Rays / Sec": 853333.3403515501, "Eval Images Metrics/psnr": 22.439620971679688, "Eval Images Metrics/ssim": 0.644435703754425, "Eval Images Metrics/lpips": 0.26456162333488464, "Eval Images Metrics/image_idx": 27.0, "Eval Images Metrics/num_rays": 129600.0, "Eval Images/img": {"_type": "image-file", "sha256": "a227002ad5afdb2220ed8adaced86dfba673c7d2442388b74820c22377edf32c", "size": 473857, "path": "media/images/Eval Images/img_3500_a227002ad5afdb2220ed.png", "format": "png", "width": 960, "height": 270}, "Eval Images/accumulation": {"_type": "image-file", "sha256": "d96f3e48c716ec3e446d84da4b28d66f88bf39087e9a749b80c97fd70b58ba29", "size": 40301, "path": "media/images/Eval Images/accumulation_3500_d96f3e48c716ec3e446d.png", "format": "png", "width": 480, "height": 270}, "Eval Images/depth": {"_type": "image-file", "sha256": "edfa5a3977b015c656242725893955b08398369b071e213375bb645ae6a732a8", "size": 142379, "path": "media/images/Eval Images/depth_3500_edfa5a3977b015c65624.png", "format": "png", "width": 480, "height": 270}, "_wandb": {"runtime": 103}}