{"Train Iter (time)": 0.02420201301574707, "_timestamp": 1664227670.220624, "ETA (time)": 24031.049995803834, "Train Rays / Sec": 169359.67180862368, "Train Loss": 0.005707086063921452, "Train Loss Dict/rgb_loss": 0.004123802296817303, "Train Loss Dict/interlevel_loss": 0.0015017519472166896, "Train Loss Dict/distortion_loss": 8.153171802405268e-05, "Train Metrics Dict/psnr": 23.847021102905273, "_runtime": 196.96079397201538, "_step": 7064, "Eval Loss": 0.013238873332738876, "Eval Loss Dict/rgb_loss": 0.011603683233261108, "Eval Loss Dict/interlevel_loss": 0.00155133125372231, "Eval Loss Dict/distortion_loss": 8.385862747672945e-05, "Eval Metrics Dict/psnr": 19.354040145874023, "Test Rays / Sec": 1040714.1119417908, "Eval Images Metrics/psnr": 21.319177627563477, "Eval Images Metrics/ssim": 0.773381233215332, "Eval Images Metrics/lpips": 0.1737545281648636, "Eval Images Metrics/image_idx": 32.0, "Eval Images Metrics/num_rays": 376000.0, "Eval Images/img": {"_type": "image-file", "sha256": "b8d04d7201776c2a83f5d36b6c83f350211fb79ddab33d304bed2951388e4f08", "size": 968326, "path": "media/images/Eval Images/img_7000_b8d04d7201776c2a83f5.png", "format": "png", "width": 1504, "height": 500}, "Eval Images/accumulation": {"_type": "image-file", "sha256": "91193b595d83454d41ae0276050cce2c7a71520e5e7b759d9d44692349724af8", "size": 111139, "path": "media/images/Eval Images/accumulation_7000_91193b595d83454d41ae.png", "format": "png", "width": 752, "height": 500}, "Eval Images/depth": {"_type": "image-file", "sha256": "2b26093d333949c679793c3c054f5fb5bbf544d99a4e69f5c22bcfee7cdc6af3", "size": 169649, "path": "media/images/Eval Images/depth_7000_2b26093d333949c67979.png", "format": "png", "width": 752, "height": 500}, "_wandb": {"runtime": 196}}