{"Train Iter (time)": 0.02708202600479126, "_timestamp": 1664315506.3943348, "ETA (time)": 27054.971060812473, "Train Rays / Sec": 153406.23280924448, "Train Loss": NaN, "Train Loss Dict/rgb_loss": NaN, "Train Loss Dict/interlevel_loss": NaN, "Train Loss Dict/distortion_loss": NaN, "Train Metrics Dict/psnr": NaN, "_runtime": 36.226608753204346, "_step": 999, "Eval Loss": 0.06116053834557533, "Eval Loss Dict/rgb_loss": 0.048143982887268066, "Eval Loss Dict/interlevel_loss": 0.012861141934990883, "Eval Loss Dict/distortion_loss": 0.00015541701577603817, "Eval Metrics Dict/psnr": 13.174578666687012, "Test Rays / Sec": 104680.16469768547, "Eval Images Metrics/psnr": 13.044557571411133, "Eval Images Metrics/ssim": 0.25563541054725647, "Eval Images Metrics/lpips": 0.7021657824516296, "Eval Images Metrics/image_idx": 1.0, "Eval Images Metrics/num_rays": 129600.0, "Eval Images/img": {"_type": "image-file", "sha256": "d6c01dde50e212fe393d7831fb4913be80a870ccbd7347d9326e1d218ee8acba", "size": 436808, "path": "media/images/Eval Images/img_500_d6c01dde50e212fe393d.png", "format": "png", "width": 960, "height": 270}, "Eval Images/accumulation": {"_type": "image-file", "sha256": "00c540c1b6be65a6055a8a57120415b3d534ad17e814053b0d1cc08821a7d4cb", "size": 133780, "path": "media/images/Eval Images/accumulation_500_00c540c1b6be65a6055a.png", "format": "png", "width": 480, "height": 270}, "Eval Images/depth": {"_type": "image-file", "sha256": "4706707398dfb18c248bd1960251075abc73422f84cbc032c70b740d04f85a46", "size": 179278, "path": "media/images/Eval Images/depth_500_4706707398dfb18c248b.png", "format": "png", "width": 480, "height": 270}, "_wandb": {"runtime": 36}}