{"Train Iter (time)": 0.024835920333862303, "_timestamp": 1664316153.2114122, "ETA (time)": 24815.952253913878, "Train Rays / Sec": 164947.9503570551, "Train Loss": 0.02652219869196415, "Train Loss Dict/rgb_loss": 0.008643469773232937, "Train Loss Dict/interlevel_loss": 0.017868392169475555, "Train Loss Dict/distortion_loss": 1.0336210834793746e-05, "Train Metrics Dict/psnr": 20.63311767578125, "_runtime": 30.3575222492218, "_step": 804, "Eval Loss": 0.027749324217438698, "Eval Loss Dict/rgb_loss": 0.011067099869251251, "Eval Loss Dict/interlevel_loss": 0.016563301905989647, "Eval Loss Dict/distortion_loss": 0.00011892176553374156, "Eval Metrics Dict/psnr": 19.559659957885742, "Test Rays / Sec": 100064.99995305845, "Eval Images Metrics/psnr": 19.364849090576172, "Eval Images Metrics/ssim": 0.42674869298934937, "Eval Images Metrics/lpips": 0.41208434104919434, "Eval Images Metrics/image_idx": 1.0, "Eval Images Metrics/num_rays": 129600.0, "Eval Images/img": {"_type": "image-file", "sha256": "565fff5089bcf07eeb584db7ba97c07711e6e78afb76776be8b4b6eeb9a426e1", "size": 479845, "path": "media/images/Eval Images/img_500_565fff5089bcf07eeb58.png", "format": "png", "width": 960, "height": 270}, "Eval Images/accumulation": {"_type": "image-file", "sha256": "8501b69782545c10033bb4f5acd6e799b8ecea08607e0283f9593ab45fa2e2d3", "size": 40199, "path": "media/images/Eval Images/accumulation_500_8501b69782545c10033b.png", "format": "png", "width": 480, "height": 270}, "Eval Images/depth": {"_type": "image-file", "sha256": "88d667c344a4d736163f28c5b58d664c6ce45ffd3ab3138115aa8071e51a9c3b", "size": 68886, "path": "media/images/Eval Images/depth_500_88d667c344a4d736163f.png", "format": "png", "width": 480, "height": 270}, "_wandb": {"runtime": 30}}