{"Train Iter (time)": 0.02348027229309082, "_timestamp": 1664324345.4673016, "ETA (time)": 23469.18960456848, "Train Rays / Sec": 174444.71343405396, "Train Loss": 0.13871653378009796, "Train Loss Dict/rgb_loss": 0.1387045532464981, "Train Loss Dict/interlevel_loss": 1.1964202712988481e-05, "Train Loss Dict/distortion_loss": 1.3594673831107684e-08, "Train Metrics Dict/psnr": 8.579092979431152, "_runtime": 19.74979066848755, "_step": 472, "_wandb": {"runtime": 19}}