{"Train Iter (time)": 0.025478994846343993, "_timestamp": 1664308745.8403256, "ETA (time)": 25411.19524105787, "Train Rays / Sec": 160794.68393378274, "Train Loss": 0.006647396832704544, "Train Loss Dict/rgb_loss": 0.005684626754373312, "Train Loss Dict/interlevel_loss": 0.0009452544618397951, "Train Loss Dict/distortion_loss": 1.751546915329527e-05, "Train Metrics Dict/psnr": 22.452978134155273, "_runtime": 81.10155749320984, "_step": 2661, "Eval Loss": 0.008999573066830635, "Eval Loss Dict/rgb_loss": 0.008055407553911209, "Eval Loss Dict/interlevel_loss": 0.0009017210686579347, "Eval Loss Dict/distortion_loss": 4.24438294430729e-05, "Eval Metrics Dict/psnr": 20.939123153686523, "Test Rays / Sec": 808237.3268515358, "Eval Images Metrics/psnr": 22.40283203125, "Eval Images Metrics/ssim": 0.7553023099899292, "Eval Images Metrics/lpips": 0.20636914670467377, "Eval Images Metrics/image_idx": 16.0, "Eval Images Metrics/num_rays": 129600.0, "Eval Images/img": {"_type": "image-file", "sha256": "9ee6a61d01b0e9747ceb6f5894de59e7175d96cc5dfc75b3849954073f7ea7c6", "size": 353986, "path": "media/images/Eval Images/img_2500_9ee6a61d01b0e9747ceb.png", "format": "png", "width": 960, "height": 270}, "Eval Images/accumulation": {"_type": "image-file", "sha256": "0a3d181c2444909e88471d95587dcba1b7eba484c7e68a542d3f661c508605f8", "size": 39255, "path": "media/images/Eval Images/accumulation_2500_0a3d181c2444909e8847.png", "format": "png", "width": 480, "height": 270}, "Eval Images/depth": {"_type": "image-file", "sha256": "a5a40570f85aba573b5315d42569d8f87cdef557b92c6f9d7eb1049971f23d87", "size": 69785, "path": "media/images/Eval Images/depth_2500_a5a40570f85aba573b53.png", "format": "png", "width": 480, "height": 270}, "_wandb": {"runtime": 80}}