{"Train Iter (time)": 0.024241483211517333, "_timestamp": 1664341838.0248687, "ETA (time)": 24028.836920785903, "Train Rays / Sec": 170345.76490220072, "Train Loss": 0.004000906832516193, "Train Loss Dict/rgb_loss": 0.0037293373607099056, "Train Loss Dict/interlevel_loss": 0.00026729467208497226, "Train Loss Dict/distortion_loss": 4.274631464795675e-06, "Train Metrics Dict/psnr": 24.283681869506836, "_runtime": 261.3366267681122, "_step": 8772, "Eval Loss": 0.004721031989902258, "Eval Loss Dict/rgb_loss": 0.00447090994566679, "Eval Loss Dict/interlevel_loss": 0.00024600833421573043, "Eval Loss Dict/distortion_loss": 4.113522663828917e-06, "Eval Metrics Dict/psnr": 23.49604034423828, "Test Rays / Sec": 1206570.0739861298, "Eval Images Metrics/psnr": 22.859956741333008, "Eval Images Metrics/ssim": 0.5466286540031433, "Eval Images Metrics/lpips": 0.3705592751502991, "Eval Images Metrics/image_idx": 16.0, "Eval Images Metrics/num_rays": 1088640.0, "Eval Images/img": {"_type": "image-file", "sha256": "30fa8f116958aeb3819d7188d6a1b2c31c582a0d0e3486172ce9d57b360ea8d6", "size": 3867925, "path": "media/images/Eval Images/img_8500_30fa8f116958aeb3819d.png", "format": "png", "width": 2592, "height": 840}, "Eval Images/accumulation": {"_type": "image-file", "sha256": "7644b4101bd5b0bb19b2b43a714733093135191fe7a8b8ec5edd9d52d41c9200", "size": 325661, "path": "media/images/Eval Images/accumulation_8500_7644b4101bd5b0bb19b2.png", "format": "png", "width": 1296, "height": 840}, "Eval Images/depth": {"_type": "image-file", "sha256": "22ca45fb944817e70a9a9ad4056f635adff733865deb2e14e264274c1db77165", "size": 697675, "path": "media/images/Eval Images/depth_8500_22ca45fb944817e70a9a.png", "format": "png", "width": 1296, "height": 840}, "Eval Images/prop_depth_0": {"_type": "image-file", "sha256": "0e63dac19bbf733940ec42a99a144a310393646b2c3fcf02aa3ab91996c6c6ef", "size": 414329, "path": "media/images/Eval Images/prop_depth_0_8500_0e63dac19bbf733940ec.png", "format": "png", "width": 1296, "height": 840}, "_wandb": {"runtime": 261}}