{"Train Iter (time)": 0.025032949447631837, "_timestamp": 1664347222.205791, "ETA (time)": 24974.822939014437, "Train Rays / Sec": 163639.8494911218, "Train Loss": 0.003617099253460765, "Train Loss Dict/rgb_loss": 0.0034635993652045727, "Train Loss Dict/interlevel_loss": 0.0001095409388653934, "Train Loss Dict/distortion_loss": 4.3958891183137894e-05, "Train Metrics Dict/psnr": 24.60472297668457, "_runtime": 70.77185893058777, "_step": 2322, "Eval Loss": 0.0056932177394628525, "Eval Loss Dict/rgb_loss": 0.0055829561315476894, "Eval Loss Dict/interlevel_loss": 6.609203410334885e-05, "Eval Loss Dict/distortion_loss": 4.416953743202612e-05, "Eval Metrics Dict/psnr": 22.531356811523438, "Test Rays / Sec": 791021.394979799, "Eval Images Metrics/psnr": 22.506011962890625, "Eval Images Metrics/ssim": 0.6688125133514404, "Eval Images Metrics/lpips": 0.2623564302921295, "Eval Images Metrics/image_idx": 15.0, "Eval Images Metrics/num_rays": 129600.0, "Eval Images/img": {"_type": "image-file", "sha256": "d917b371d102c632fb81dbcb9f3bb63e928cf28e866f65bcc9d2350e6373cadb", "size": 501373, "path": "media/images/Eval Images/img_2000_d917b371d102c632fb81.png", "format": "png", "width": 960, "height": 270}, "Eval Images/accumulation": {"_type": "image-file", "sha256": "e3a7f23f196195f5417b44a815b4a1d1f77287dcce310403fd1a4ae811ae8e9f", "size": 37568, "path": "media/images/Eval Images/accumulation_2000_e3a7f23f196195f5417b.png", "format": "png", "width": 480, "height": 270}, "Eval Images/depth": {"_type": "image-file", "sha256": "0733093348114f904888c6914e74000fe505eaeb98b804fbaf84ab43c6fe014e", "size": 78493, "path": "media/images/Eval Images/depth_2000_0733093348114f904888.png", "format": "png", "width": 480, "height": 270}, "Eval Images/prop_depth_0": {"_type": "image-file", "sha256": "dc1fd4649d29787473b3909b348feef9b429f582e809e2a8578b87aa7cff18c5", "size": 58092, "path": "media/images/Eval Images/prop_depth_0_2000_dc1fd4649d29787473b3.png", "format": "png", "width": 480, "height": 270}, "_wandb": {"runtime": 70}}