{"Train Iter (time)": 0.025261175632476807, "_timestamp": 1664308649.6929195, "ETA (time)": 25208.303991878034, "Train Rays / Sec": 162180.15100797225, "Train Loss": 0.02369287610054016, "Train Loss Dict/rgb_loss": 0.023682598024606705, "Train Loss Dict/interlevel_loss": 2.1905000480160197e-08, "Train Loss Dict/distortion_loss": 1.0255037523165811e-05, "Train Metrics Dict/psnr": 16.255706787109375, "_runtime": 66.7071475982666, "_step": 2093, "Eval Loss": 0.026305867359042168, "Eval Loss Dict/rgb_loss": 0.026151057332754135, "Eval Loss Dict/interlevel_loss": 0.0, "Eval Loss Dict/distortion_loss": 0.00015481049194931984, "Eval Metrics Dict/psnr": 15.82510757446289, "Test Rays / Sec": 763603.6112584183, "Eval Images Metrics/psnr": 14.740867614746094, "Eval Images Metrics/ssim": 0.24101735651493073, "Eval Images Metrics/lpips": 0.7710195779800415, "Eval Images Metrics/image_idx": 15.0, "Eval Images Metrics/num_rays": 129600.0, "Eval Images/img": {"_type": "image-file", "sha256": "a70b4a02238842a2867cb200fbb8793bf7748d5621664e760addfa4caf8ef1af", "size": 319713, "path": "media/images/Eval Images/img_2000_a70b4a02238842a2867c.png", "format": "png", "width": 960, "height": 270}, "Eval Images/accumulation": {"_type": "image-file", "sha256": "8cbd4b47c7294d9e99b8689fe809696c2072f2475d5afe57f0b8dff3149984b1", "size": 40353, "path": "media/images/Eval Images/accumulation_2000_8cbd4b47c7294d9e99b8.png", "format": "png", "width": 480, "height": 270}, "Eval Images/depth": {"_type": "image-file", "sha256": "0c450fc5750d2979bfb5d45807f57a8ed6cf617e2d1038f7fc20eaab605f3c29", "size": 54225, "path": "media/images/Eval Images/depth_2000_0c450fc5750d2979bfb5.png", "format": "png", "width": 480, "height": 270}, "_wandb": {"runtime": 66}}