{"Train Iter (time)": 0.02091038227081299, "_timestamp": 1664211313.2053976, "ETA (time)": 20899.947990059853, "Train Rays / Sec": 393141.939323084, "Train Loss": 0.010150148533284664, "Train Loss Dict/rgb_loss": 0.010150148533284664, "Train Metrics Dict/psnr": 19.948974609375, "Train Metrics Dict/num_samples_per_batch": 274362.0, "Train Metrics Dict/num_rays_per_batch": 1502.0, "_runtime": 20.06479048728943, "_step": 499, "_wandb": {"runtime": 21}}