{"Train Iter (time)": 0.024962234497070312, "_timestamp": 1664308499.1411467, "ETA (time)": 24928.036235809326, "Train Rays / Sec": 164097.70089121687, "Train Loss": 0.056093256920576096, "Train Loss Dict/rgb_loss": 0.05608288571238518, "Train Loss Dict/interlevel_loss": 1.9393233685605082e-08, "Train Loss Dict/distortion_loss": 1.0352036952099297e-05, "Train Metrics Dict/psnr": 12.511696815490723, "_runtime": 47.11245155334473, "_step": 1370, "Eval Loss": 0.05567704141139984, "Eval Loss Dict/rgb_loss": 0.05552222952246666, "Eval Loss Dict/interlevel_loss": 0.0, "Eval Loss Dict/distortion_loss": 0.0001548104773974046, "Eval Metrics Dict/psnr": 12.555331230163574, "Test Rays / Sec": 426312.1684285643, "Eval Images Metrics/psnr": 12.389068603515625, "Eval Images Metrics/ssim": 0.27593594789505005, "Eval Images Metrics/lpips": 0.7606569528579712, "Eval Images Metrics/image_idx": 1.0, "Eval Images Metrics/num_rays": 129600.0, "Eval Images/img": {"_type": "image-file", "sha256": "9f2aa73f5211de871ac5ce1108bb4bccd864f0c577a2a71e71d77e14c266b6a2", "size": 261707, "path": "media/images/Eval Images/img_1000_9f2aa73f5211de871ac5.png", "format": "png", "width": 960, "height": 270}, "Eval Images/accumulation": {"_type": "image-file", "sha256": "f5b6018600fbe7baea4761231698bf63f6de070e6cb8f03dfcb5055d130d0fda", "size": 39947, "path": "media/images/Eval Images/accumulation_1000_f5b6018600fbe7baea47.png", "format": "png", "width": 480, "height": 270}, "Eval Images/depth": {"_type": "image-file", "sha256": "ce93c730048c55cd1ee3beca99a212f74a1e0e352d486d70a73bff4ea562fe09", "size": 53364, "path": "media/images/Eval Images/depth_1000_ce93c730048c55cd1ee3.png", "format": "png", "width": 480, "height": 270}, "_wandb": {"runtime": 46}}