{"Train Iter (time)": 0.020362842082977294, "_timestamp": 1664153732.7848492, "ETA (time)": 20349.95240393877, "Train Rays / Sec": 402758.77823895187, "Viewer Rendering (time)": 0.0005536794662475586, "Train Loss": 0.009535147808492184, "Train Loss Dict/rgb_loss": 0.009535147808492184, "Train Metrics Dict/psnr": 20.206724166870117, "Train Metrics Dict/num_samples_per_batch": 261848.0, "Train Metrics Dict/num_rays_per_batch": 1614.0, "_runtime": 51.83582806587219, "_step": 633, "Eval Loss": 0.029337413609027863, "Eval Loss Dict/rgb_loss": 0.029337413609027863, "Eval Metrics Dict/psnr": 15.325780868530273, "Eval Metrics Dict/num_samples_per_batch": 270409.0, "Eval Metrics Dict/num_rays_per_batch": 1555.0, "Test Rays / Sec": 470196.7881181207, "Eval Images Metrics/psnr": 16.246347427368164, "Eval Images Metrics/ssim": 0.45480290055274963, "Eval Images Metrics/lpips": 0.7393926382064819, "Eval Images Metrics/image_idx": 17.0, "Eval Images Metrics/num_rays": 4356240.0, "Eval Images/img": {"_type": "image-file", "sha256": "56f8fdab500a532a9bdebd203b465750d201291ba3ded0488e6bfde3670a9e5e", "size": 6905690, "path": "media/images/Eval Images/img_500_56f8fdab500a532a9bde.png", "format": "png", "width": 5186, "height": 1680}, "Eval Images/accumulation": {"_type": "image-file", "sha256": "aa278e80493635a2a3606e73ad46c10c072cb9d5b0a626ec566c9c33b56b3524", "size": 2174326, "path": "media/images/Eval Images/accumulation_500_aa278e80493635a2a360.png", "format": "png", "width": 2593, "height": 1680}, "Eval Images/depth": {"_type": "image-file", "sha256": "d9d31785f2b05d2f93a349e731620ba6ea40803463740da74d34707f1a1a86b3", "size": 3465275, "path": "media/images/Eval Images/depth_500_d9d31785f2b05d2f93a3.png", "format": "png", "width": 2593, "height": 1680}, "Eval Images/alive_ray_mask": {"_type": "image-file", "sha256": "8856ddb6c61ab5207127612039d1bbffe6d07bc9f0c0090c07dec8be1dd31de2", "size": 16405, "path": "media/images/Eval Images/alive_ray_mask_500_8856ddb6c61ab5207127.png", "format": "png", "width": 2593, "height": 1680}, "_wandb": {"runtime": 51}}