{"Train Iter (time)": 0.024367904663085936, "_timestamp": 1664298301.640587, "ETA (time)": 24214.1188167572, "Train Rays / Sec": 168119.6301073504, "Train Loss": 0.004087998531758785, "Train Loss Dict/rgb_loss": 0.0034512977581471205, "Train Loss Dict/interlevel_loss": 0.0006342437118291855, "Train Loss Dict/distortion_loss": 2.4567671061959118e-06, "Train Metrics Dict/psnr": 24.620174407958984, "_runtime": 202.10076904296875, "_step": 6311, "Eval Loss": 0.005445385351777077, "Eval Loss Dict/rgb_loss": 0.004905625246465206, "Eval Loss Dict/interlevel_loss": 0.0005278649623505771, "Eval Loss Dict/distortion_loss": 1.1895259376615286e-05, "Eval Metrics Dict/psnr": 23.093055725097656, "Test Rays / Sec": 1010876.9898704147, "Eval Images Metrics/psnr": 23.5981388092041, "Eval Images Metrics/ssim": 0.576780378818512, "Eval Images Metrics/lpips": 0.35332468152046204, "Eval Images Metrics/image_idx": 6.0, "Eval Images Metrics/num_rays": 1088640.0, "Eval Images/img": {"_type": "image-file", "sha256": "7ba0aa3968eac349c07238b48bffb5fa9f0ac1f781410f3efb0a295784a6a0b4", "size": 3820496, "path": "media/images/Eval Images/img_6000_7ba0aa3968eac349c072.png", "format": "png", "width": 2592, "height": 840}, "Eval Images/accumulation": {"_type": "image-file", "sha256": "7362ffaa6d4d7faa80458746df3c2770d5ffb66b45d518b0dcfe7e96092ed121", "size": 326633, "path": "media/images/Eval Images/accumulation_6000_7362ffaa6d4d7faa8045.png", "format": "png", "width": 1296, "height": 840}, "Eval Images/depth": {"_type": "image-file", "sha256": "0e5603ddf0bf69f43300aea2513a4c4cb91c367a6d543928b31d8fea0727c301", "size": 334860, "path": "media/images/Eval Images/depth_6000_0e5603ddf0bf69f43300.png", "format": "png", "width": 1296, "height": 840}, "_wandb": {"runtime": 201}}