{"Train Iter (time)": 0.04870747327804566, "_timestamp": 1664303962.4375017, "ETA (time)": 48462.6695173502, "Train Rays / Sec": 101025.0787631294, "Train Loss": 0.0036152766551822424, "Train Loss Dict/rgb_loss": 0.0031380951404571533, "Train Loss Dict/interlevel_loss": 0.0004601022810675204, "Train Loss Dict/distortion_loss": 1.707922638161108e-05, "Train Metrics Dict/psnr": 25.033336639404297, "_runtime": 203.25760173797607, "_step": 5026, "Eval Loss": 0.0062802936881780624, "Eval Loss Dict/rgb_loss": 0.005805840715765953, "Eval Loss Dict/interlevel_loss": 0.0004225118609610945, "Eval Loss Dict/distortion_loss": 5.19413806614466e-05, "Eval Metrics Dict/psnr": 22.36134910583496, "Test Rays / Sec": 805598.1482423546, "Eval Images Metrics/psnr": 24.08401870727539, "Eval Images Metrics/ssim": 0.7439119815826416, "Eval Images Metrics/lpips": 0.20851349830627441, "Eval Images Metrics/image_idx": 1.0, "Eval Images Metrics/num_rays": 129600.0, "Eval Images/img": {"_type": "image-file", "sha256": "77f340427f9987a692ec608552ddc4cbf29f41efa3fc25f06941648050d4c79a", "size": 484499, "path": "media/images/Eval Images/img_5000_77f340427f9987a692ec.png", "format": "png", "width": 960, "height": 270}, "Eval Images/accumulation": {"_type": "image-file", "sha256": "993d102e8a41a9d6fcdd9fa061e77129724fd189ee55783068e37e8f3e375c73", "size": 40605, "path": "media/images/Eval Images/accumulation_5000_993d102e8a41a9d6fcdd.png", "format": "png", "width": 480, "height": 270}, "Eval Images/depth": {"_type": "image-file", "sha256": "44aaa5b32548ec52b0c1d4d1c35fd021ec29f19c0bf4a1ff8c3a6e32a90c60da", "size": 115702, "path": "media/images/Eval Images/depth_5000_44aaa5b32548ec52b0c1.png", "format": "png", "width": 480, "height": 270}, "_wandb": {"runtime": 202}}