{"Train Iter (time)": 0.03043394088745117, "_timestamp": 1664240990.421552, "ETA (time)": 30365.31235074997, "Train Rays / Sec": 134651.82059653883, "Train Loss": 0.008967466652393341, "Train Loss Dict/rgb_loss": 0.008116780780255795, "Train Loss Dict/interlevel_loss": 0.0007174954516813159, "Train Loss Dict/distortion_loss": 0.0001331902458332479, "Train Metrics Dict/psnr": 20.90616226196289, "_runtime": 83.18235397338867, "_step": 2255, "Eval Loss": 0.016205044463276863, "Eval Loss Dict/rgb_loss": 0.015371598303318024, "Eval Loss Dict/interlevel_loss": 0.0006660900544375181, "Eval Loss Dict/distortion_loss": 0.00016735767712816596, "Eval Metrics Dict/psnr": 18.132808685302734, "Test Rays / Sec": 965445.0856321179, "Eval Images Metrics/psnr": 19.802705764770508, "Eval Images Metrics/ssim": 0.6402307152748108, "Eval Images Metrics/lpips": 0.34322431683540344, "Eval Images Metrics/image_idx": 16.0, "Eval Images Metrics/num_rays": 376000.0, "Eval Images/img": {"_type": "image-file", "sha256": "e3df4424384fa31ee3ed7569eab2da3878ec1e8d4443800a9b45a9eae86b892c", "size": 886095, "path": "media/images/Eval Images/img_2000_e3df4424384fa31ee3ed.png", "format": "png", "width": 1504, "height": 500}, "Eval Images/accumulation": {"_type": "image-file", "sha256": "81c259e7acf7fdda52d03b033aad2f410fa7b663cc462194178381149ff01053", "size": 126709, "path": "media/images/Eval Images/accumulation_2000_81c259e7acf7fdda52d0.png", "format": "png", "width": 752, "height": 500}, "Eval Images/depth": {"_type": "image-file", "sha256": "c4f94be30160b28c4577d5266b89e2f5325860cb0e2ce233dd0d70a41d2d7873", "size": 362157, "path": "media/images/Eval Images/depth_2000_c4f94be30160b28c4577.png", "format": "png", "width": 752, "height": 500}, "_wandb": {"runtime": 82}}