{"Train Iter (time)": 0.023958158493041993, "_timestamp": 1664229867.8185756, "ETA (time)": 23766.493225097656, "Train Rays / Sec": 170978.05808810334, "Train Loss": 0.005310561042279005, "Train Loss Dict/rgb_loss": 0.0038455098401755095, "Train Loss Dict/interlevel_loss": 0.001385025680065155, "Train Loss Dict/distortion_loss": 8.002550748642534e-05, "Train Metrics Dict/psnr": 24.15045928955078, "_runtime": 220.0919315814972, "_step": 8000, "Eval Loss": 0.011506578885018826, "Eval Loss Dict/rgb_loss": 0.010143846273422241, "Eval Loss Dict/interlevel_loss": 0.0012857167748734355, "Eval Loss Dict/distortion_loss": 7.701530557824299e-05, "Eval Metrics Dict/psnr": 19.937973022460938, "Test Rays / Sec": 1071542.4278238649, "Eval Images Metrics/psnr": 22.60664939880371, "Eval Images Metrics/ssim": 0.7767768502235413, "Eval Images Metrics/lpips": 0.15503615140914917, "Eval Images Metrics/image_idx": 16.0, "Eval Images Metrics/num_rays": 376000.0, "Eval Images/img": {"_type": "image-file", "sha256": "832674f32b3415a494825febbd62d9f253ba0c00fd1072f1f79d30aa477fa78b", "size": 971427, "path": "media/images/Eval Images/img_7500_832674f32b3415a49482.png", "format": "png", "width": 1504, "height": 500}, "Eval Images/accumulation": {"_type": "image-file", "sha256": "9aa491b13c0836d005b103310ce627372ff532b15fc480222820416625a6b867", "size": 109927, "path": "media/images/Eval Images/accumulation_7500_9aa491b13c0836d005b1.png", "format": "png", "width": 752, "height": 500}, "Eval Images/depth": {"_type": "image-file", "sha256": "ac55711d793bbdf4f5622d5397b52c0c2cc76921c62b1300bca1463793757e80", "size": 216757, "path": "media/images/Eval Images/depth_7500_ac55711d793bbdf4f562.png", "format": "png", "width": 752, "height": 500}, "_wandb": {"runtime": 219}}