{"Train Iter (time)": 0.02057325839996338, "_timestamp": 1664154061.0268586, "ETA (time)": 20526.042771935463, "Train Rays / Sec": 398819.03822190413, "Viewer Rendering (time)": 0.0006168127059936523, "Train Loss": 0.005504331085830927, "Train Loss Dict/rgb_loss": 0.005504331085830927, "Train Metrics Dict/psnr": 22.592952728271484, "Train Metrics Dict/num_samples_per_batch": 264040.0, "Train Metrics Dict/num_rays_per_batch": 2067.0, "_runtime": 123.71505665779114, "_step": 2295, "Eval Loss": 0.029128683730959892, "Eval Loss Dict/rgb_loss": 0.029128683730959892, "Eval Metrics Dict/psnr": 15.356790542602539, "Eval Metrics Dict/num_samples_per_batch": 308497.0, "Eval Metrics Dict/num_rays_per_batch": 2068.0, "Test Rays / Sec": 522779.6332064131, "Eval Images Metrics/psnr": 17.55508041381836, "Eval Images Metrics/ssim": 0.4600086808204651, "Eval Images Metrics/lpips": 0.6826637387275696, "Eval Images Metrics/image_idx": 15.0, "Eval Images Metrics/num_rays": 4356240.0, "Eval Images/img": {"_type": "image-file", "sha256": "475643aa2a753b519a2cf35650189e086c3c823c6a73166f1ad2612e4e3231f6", "size": 7197835, "path": "media/images/Eval Images/img_2000_475643aa2a753b519a2c.png", "format": "png", "width": 5186, "height": 1680}, "Eval Images/accumulation": {"_type": "image-file", "sha256": "9393ebd56e65efa97d2d2b48dc1d1ba156009a1889f85dcc22b845ec5ca92ad8", "size": 1433651, "path": "media/images/Eval Images/accumulation_2000_9393ebd56e65efa97d2d.png", "format": "png", "width": 2593, "height": 1680}, "Eval Images/depth": {"_type": "image-file", "sha256": "edbd9b1584477381e9cc4767fdb7f765d57a9fdb4510e0437914f6df19507015", "size": 2607957, "path": "media/images/Eval Images/depth_2000_edbd9b1584477381e9cc.png", "format": "png", "width": 2593, "height": 1680}, "Eval Images/alive_ray_mask": {"_type": "image-file", "sha256": "8856ddb6c61ab5207127612039d1bbffe6d07bc9f0c0090c07dec8be1dd31de2", "size": 16405, "path": "media/images/Eval Images/alive_ray_mask_2000_8856ddb6c61ab5207127.png", "format": "png", "width": 2593, "height": 1680}, "_wandb": {"runtime": 123}}