{"Train Iter (time)": 0.028561735153198244, "_timestamp": 1664296505.051953, "ETA (time)": 28418.069625377655, "Train Rays / Sec": 143439.113278616, "Train Loss": 0.003150204662233591, "Train Loss Dict/rgb_loss": 0.0026318044401705265, "Train Loss Dict/interlevel_loss": 0.0005154194659553468, "Train Loss Dict/distortion_loss": 2.980707222377532e-06, "Train Metrics Dict/psnr": 25.79746437072754, "_runtime": 159.86037516593933, "_step": 5030, "Eval Loss": 0.004037090111523867, "Eval Loss Dict/rgb_loss": 0.0036012972705066204, "Eval Loss Dict/interlevel_loss": 0.0004214774817228317, "Eval Loss Dict/distortion_loss": 1.4315396583697293e-05, "Eval Metrics Dict/psnr": 24.435409545898438, "Test Rays / Sec": 1008622.7491735987, "Eval Images Metrics/psnr": 24.644628524780273, "Eval Images Metrics/ssim": 0.6710866093635559, "Eval Images Metrics/lpips": 0.28403517603874207, "Eval Images Metrics/image_idx": 6.0, "Eval Images Metrics/num_rays": 1088640.0, "Eval Images/img": {"_type": "image-file", "sha256": "394f5d8c083965c91dafb9405fecf71d595cde77fc0cabca1a61dfb7eb68ae36", "size": 2676667, "path": "media/images/Eval Images/img_5000_394f5d8c083965c91daf.png", "format": "png", "width": 2592, "height": 840}, "Eval Images/accumulation": {"_type": "image-file", "sha256": "bb5f904e505718ac36e94672ef1031d9e00043fce32f993e19c9a95dd0a05188", "size": 327379, "path": "media/images/Eval Images/accumulation_5000_bb5f904e505718ac36e9.png", "format": "png", "width": 1296, "height": 840}, "Eval Images/depth": {"_type": "image-file", "sha256": "2b8810b71683d81650d093f19fa1fb581d898ef7a2635a047f0a161c16a25e5c", "size": 491086, "path": "media/images/Eval Images/depth_5000_2b8810b71683d81650d0.png", "format": "png", "width": 1296, "height": 840}, "_wandb": {"runtime": 159}}