{"Train Iter (time)": 0.01921623945236206, "_timestamp": 1664407981.068685, "ETA (time)": 19122.75244742632, "Train Rays / Sec": 427511.8315857138, "Train Loss": 0.005095014814287424, "Train Loss Dict/rgb_loss": 0.005095014814287424, "Train Metrics Dict/psnr": 22.928543090820312, "Train Metrics Dict/num_samples_per_batch": 272551.0, "Train Metrics Dict/num_rays_per_batch": 1470.0, "_runtime": 138.1833770275116, "_step": 4865, "Eval Loss": 0.00650712288916111, "Eval Loss Dict/rgb_loss": 0.00650712288916111, "Eval Metrics Dict/psnr": 21.866107940673828, "Eval Metrics Dict/num_samples_per_batch": 263806.0, "Eval Metrics Dict/num_rays_per_batch": 1460.0, "Test Rays / Sec": 415811.642371937, "Eval Images Metrics/psnr": 23.191184997558594, "Eval Images Metrics/ssim": 0.4560006260871887, "Eval Images Metrics/lpips": 0.5273462533950806, "Eval Images Metrics/image_idx": 13.0, "Eval Images Metrics/num_rays": 1088640.0, "Eval Images/img": {"_type": "image-file", "sha256": "ffdc0115ba2f21704b046a74ef0b63987e5994f4ce28c9deda936fde92400df2", "size": 3534823, "path": "media/images/Eval Images/img_4500_ffdc0115ba2f21704b04.png", "format": "png", "width": 2592, "height": 840}, "Eval Images/accumulation": {"_type": "image-file", "sha256": "8b746e4b74f5c7b4c837d3947f1a6469474e326592d391f171db9fd5d8b557ec", "size": 21114, "path": "media/images/Eval Images/accumulation_4500_8b746e4b74f5c7b4c837.png", "format": "png", "width": 1296, "height": 840}, "Eval Images/depth": {"_type": "image-file", "sha256": "e2523a29faa81d864a9d19714196e2365d89c80d14b67ae3f8a6e956b39c812e", "size": 585354, "path": "media/images/Eval Images/depth_4500_e2523a29faa81d864a9d.png", "format": "png", "width": 1296, "height": 840}, "Eval Images/alive_ray_mask": {"_type": "image-file", "sha256": "1d6ba735a7868580703dcd3fe7f67c08d81347c165d9c80a0398b76142593175", "size": 4919, "path": "media/images/Eval Images/alive_ray_mask_4500_1d6ba735a7868580703d.png", "format": "png", "width": 1296, "height": 840}, "_wandb": {"runtime": 137}}