{"Train Iter (time)": 0.02089008092880249, "_timestamp": 1664211239.2619686, "ETA (time)": 20879.65677841902, "Train Rays / Sec": 393463.7255498755, "Train Loss": 0.010794408619403839, "Train Loss Dict/rgb_loss": 0.010794408619403839, "Train Metrics Dict/psnr": 19.698379516601562, "Train Metrics Dict/num_samples_per_batch": 265791.0, "Train Metrics Dict/num_rays_per_batch": 1543.0, "_runtime": 20.073110580444336, "_step": 499, "_wandb": {"runtime": 21}}