{"Train Iter (time)": 0.018852007389068604, "_timestamp": 1664407364.5186112, "ETA (time)": 18804.952778625488, "Train Rays / Sec": 441018.2126638371, "Train Loss": 0.007973975501954556, "Train Loss Dict/rgb_loss": 0.007973975501954556, "Train Metrics Dict/psnr": 20.98324966430664, "Train Metrics Dict/num_samples_per_batch": 259245.0, "Train Metrics Dict/num_rays_per_batch": 2510.0, "_runtime": 67.87473011016846, "_step": 2496, "Eval Loss": 0.016576237976551056, "Eval Loss Dict/rgb_loss": 0.016576237976551056, "Eval Metrics Dict/psnr": 17.80514144897461, "Eval Metrics Dict/num_samples_per_batch": 253816.0, "Eval Metrics Dict/num_rays_per_batch": 2380.0, "Test Rays / Sec": 851976.7244322893, "Eval Images Metrics/psnr": 18.387874603271484, "Eval Images Metrics/ssim": 0.3513740301132202, "Eval Images Metrics/lpips": 0.6809499859809875, "Eval Images Metrics/image_idx": 15.0, "Eval Images Metrics/num_rays": 1088640.0, "Eval Images/img": {"_type": "image-file", "sha256": "f603648f89bcf160e11d734ce182fe8030ad89ca38f86f4927d6a4ceb0c9cca2", "size": 3334773, "path": "media/images/Eval Images/img_2000_f603648f89bcf160e11d.png", "format": "png", "width": 2592, "height": 840}, "Eval Images/accumulation": {"_type": "image-file", "sha256": "90053cd7761accde02c3a27ee2e8015e29676ab722a94a7e035da37e50916995", "size": 588242, "path": "media/images/Eval Images/accumulation_2000_90053cd7761accde02c3.png", "format": "png", "width": 1296, "height": 840}, "Eval Images/depth": {"_type": "image-file", "sha256": "81e009a512a6ef9a36d8291f518f9587ed4b08efcf08e7ab752f8bad003ca7fd", "size": 1295586, "path": "media/images/Eval Images/depth_2000_81e009a512a6ef9a36d8.png", "format": "png", "width": 1296, "height": 840}, "Eval Images/alive_ray_mask": {"_type": "image-file", "sha256": "1d6ba735a7868580703dcd3fe7f67c08d81347c165d9c80a0398b76142593175", "size": 4919, "path": "media/images/Eval Images/alive_ray_mask_2000_1d6ba735a7868580703d.png", "format": "png", "width": 1296, "height": 840}, "_wandb": {"runtime": 67}}