{"Train Iter (time)": 0.036748504638671874, "_timestamp": 1664212081.1992054, "ETA (time)": 36689.15580368042, "Train Rays / Sec": 223215.03074256977, "Train Loss": 0.005611194297671318, "Train Loss Dict/rgb_loss": 0.004436947870999575, "Train Loss Dict/interlevel_loss": 0.0010673014912754297, "Train Loss Dict/distortion_loss": 0.0001069448480848223, "Train Metrics Dict/psnr": 23.529155731201172, "_runtime": 72.51867032051086, "_step": 1615, "Eval Loss": 0.02071547880768776, "Eval Loss Dict/rgb_loss": 0.019607191905379295, "Eval Loss Dict/interlevel_loss": 0.0009941678727045655, "Eval Loss Dict/distortion_loss": 0.00011411860032239929, "Eval Metrics Dict/psnr": 17.07584571838379, "Test Rays / Sec": 732937.9271047941, "Eval Images Metrics/psnr": 21.936479568481445, "Eval Images Metrics/ssim": 0.7310454249382019, "Eval Images Metrics/lpips": 0.2279890477657318, "Eval Images Metrics/image_idx": 8.0, "Eval Images Metrics/num_rays": 376000.0, "Eval Images/img": {"_type": "image-file", "sha256": "4fc0a56fd064bad62efc35fdeb9e23add9e4ef330857b63e2bdf2249421c3578", "size": 942939, "path": "media/images/Eval Images/img_1500_4fc0a56fd064bad62efc.png", "format": "png", "width": 1504, "height": 500}, "Eval Images/accumulation": {"_type": "image-file", "sha256": "d57698073e93770008c596ad6b911d4651bd577ddae7285a1bc26cf3c2afd969", "size": 115271, "path": "media/images/Eval Images/accumulation_1500_d57698073e93770008c5.png", "format": "png", "width": 752, "height": 500}, "Eval Images/depth": {"_type": "image-file", "sha256": "6cf9708612c519456f9bba9366d154a6665c6aa707d23de2c87b675fcb631d6b", "size": 181769, "path": "media/images/Eval Images/depth_1500_6cf9708612c519456f9b.png", "format": "png", "width": 752, "height": 500}, "_wandb": {"runtime": 72}}