{"Train Iter (time)": 0.03813164234161377, "_timestamp": 1664307246.0009427, "ETA (time)": 38042.109245395666, "Train Rays / Sec": 112927.79207837637, "Train Loss": 0.05625489354133606, "Train Loss Dict/rgb_loss": 0.05624450743198395, "Train Loss Dict/interlevel_loss": 1.9188203026487827e-08, "Train Loss Dict/distortion_loss": 1.0365916750743054e-05, "Train Metrics Dict/psnr": 12.499198913574219, "_runtime": 84.77128767967224, "_step": 2348, "Eval Loss": 0.055722665041685104, "Eval Loss Dict/rgb_loss": 0.05556785315275192, "Eval Loss Dict/interlevel_loss": 0.0, "Eval Loss Dict/distortion_loss": 0.00015481049194931984, "Eval Metrics Dict/psnr": 12.551763534545898, "Test Rays / Sec": 665029.1169775396, "Eval Images Metrics/psnr": 12.524972915649414, "Eval Images Metrics/ssim": 0.22915518283843994, "Eval Images Metrics/lpips": 0.7730873227119446, "Eval Images Metrics/image_idx": 15.0, "Eval Images Metrics/num_rays": 129600.0, "Eval Images/img": {"_type": "image-file", "sha256": "c5c03b3fce622a6969f077d59cf6a519777a4fdd6e15e39676a5c1952fe09e41", "size": 276269, "path": "media/images/Eval Images/img_2000_c5c03b3fce622a6969f0.png", "format": "png", "width": 960, "height": 270}, "Eval Images/accumulation": {"_type": "image-file", "sha256": "8cbd4b47c7294d9e99b8689fe809696c2072f2475d5afe57f0b8dff3149984b1", "size": 40353, "path": "media/images/Eval Images/accumulation_2000_8cbd4b47c7294d9e99b8.png", "format": "png", "width": 480, "height": 270}, "Eval Images/depth": {"_type": "image-file", "sha256": "0c450fc5750d2979bfb5d45807f57a8ed6cf617e2d1038f7fc20eaab605f3c29", "size": 54225, "path": "media/images/Eval Images/depth_2000_0c450fc5750d2979bfb5.png", "format": "png", "width": 480, "height": 270}, "_wandb": {"runtime": 84}}