{"Train Iter (time)": 0.022928690910339354, "_timestamp": 1664341339.734148, "ETA (time)": 22836.999075388907, "Train Rays / Sec": 178653.46708483092, "Train Loss": 0.005593274720013142, "Train Loss Dict/rgb_loss": 0.004496818408370018, "Train Loss Dict/interlevel_loss": 0.0010917694307863712, "Train Loss Dict/distortion_loss": 4.687111413659295e-06, "Train Metrics Dict/psnr": 23.470945358276367, "_runtime": 125.87472891807556, "_step": 3999, "Eval Loss": 0.006639500148594379, "Eval Loss Dict/rgb_loss": 0.005452970042824745, "Eval Loss Dict/interlevel_loss": 0.0011819503270089626, "Eval Loss Dict/distortion_loss": 4.5796509766660165e-06, "Eval Metrics Dict/psnr": 22.633668899536133, "Test Rays / Sec": 1260998.4666323208, "Eval Images Metrics/psnr": 21.69770050048828, "Eval Images Metrics/ssim": 0.5148541927337646, "Eval Images Metrics/lpips": 0.44558221101760864, "Eval Images Metrics/image_idx": 8.0, "Eval Images Metrics/num_rays": 1088640.0, "Eval Images/img": {"_type": "image-file", "sha256": "36f054c37532d6bc5cf06fea34bc990b90f4ad23c12313745b418130836f488e", "size": 3496578, "path": "media/images/Eval Images/img_3500_36f054c37532d6bc5cf0.png", "format": "png", "width": 2592, "height": 840}, "Eval Images/accumulation": {"_type": "image-file", "sha256": "5ae944db8f5da9b4550752abb79a5c20c9e51ae739dc45122c03abdd42153ae1", "size": 310559, "path": "media/images/Eval Images/accumulation_3500_5ae944db8f5da9b45507.png", "format": "png", "width": 1296, "height": 840}, "Eval Images/depth": {"_type": "image-file", "sha256": "75b58564391d5ebd7b7f5bc656057ffc91f1cc9cba30021423d92b7f664410b3", "size": 498005, "path": "media/images/Eval Images/depth_3500_75b58564391d5ebd7b7f.png", "format": "png", "width": 1296, "height": 840}, "Eval Images/prop_depth_0": {"_type": "image-file", "sha256": "2680acbae8cdb8b3f30c87382d5efe980218e445a7b96d5cb376031708f56b40", "size": 224005, "path": "media/images/Eval Images/prop_depth_0_3500_2680acbae8cdb8b3f30c.png", "format": "png", "width": 1296, "height": 840}, "_wandb": {"runtime": 125}}