{"Train Iter (time)": 0.028177380561828613, "_timestamp": 1664230959.668034, "ETA (time)": 27941.25411272049, "Train Rays / Sec": 145523.77839245467, "Train Loss": 0.0049477494321763515, "Train Loss Dict/rgb_loss": 0.003513973206281662, "Train Loss Dict/interlevel_loss": 0.0013521024957299232, "Train Loss Dict/distortion_loss": 8.167365740519017e-05, "Train Metrics Dict/psnr": 24.542015075683594, "_runtime": 232.61558198928833, "_step": 8380, "Eval Loss": 0.01100342907011509, "Eval Loss Dict/rgb_loss": 0.009741811081767082, "Eval Loss Dict/interlevel_loss": 0.001179572893306613, "Eval Loss Dict/distortion_loss": 8.204516052501276e-05, "Eval Metrics Dict/psnr": 20.113603591918945, "Test Rays / Sec": 1058548.3284258302, "Eval Images Metrics/psnr": 22.743364334106445, "Eval Images Metrics/ssim": 0.778159499168396, "Eval Images Metrics/lpips": 0.15941688418388367, "Eval Images Metrics/image_idx": 16.0, "Eval Images Metrics/num_rays": 376000.0, "Eval Images/img": {"_type": "image-file", "sha256": "4807b874300372e86159490ae5002e39b1569db8eac463a6c784a8cf5d47795f", "size": 945746, "path": "media/images/Eval Images/img_8000_4807b874300372e86159.png", "format": "png", "width": 1504, "height": 500}, "Eval Images/accumulation": {"_type": "image-file", "sha256": "6931881e5dc31ef90c19a87deb2d250508b11f04ecb894f7492d5accd38135e8", "size": 114047, "path": "media/images/Eval Images/accumulation_8000_6931881e5dc31ef90c19.png", "format": "png", "width": 752, "height": 500}, "Eval Images/depth": {"_type": "image-file", "sha256": "588cd50b2d2307a93fe59e8851e3aa17a6d233eea344b30ecad264ee72aedac3", "size": 222727, "path": "media/images/Eval Images/depth_8000_588cd50b2d2307a93fe5.png", "format": "png", "width": 752, "height": 500}, "_wandb": {"runtime": 232}}