{"Train Iter (time)": 0.029719889163970947, "_timestamp": 1664229640.0466316, "ETA (time)": 29716.17417782545, "Train Rays / Sec": 157019.7606931601, "Train Loss": 0.013528557494282722, "Train Loss Dict/rgb_loss": 0.012399805709719658, "Train Loss Dict/interlevel_loss": 0.0007089893333613873, "Train Loss Dict/distortion_loss": 0.00041976184002123773, "Train Metrics Dict/psnr": 19.06585121154785, "_runtime": 11.616456508636475, "_step": 125, "_wandb": {"runtime": 11}}