{"Train Iter (time)": 0.031001842021942137, "_timestamp": 1664226446.1632714, "ETA (time)": 30642.778687644004, "Train Rays / Sec": 132775.3506401553, "Train Loss": 0.005086451303213835, "Train Loss Dict/rgb_loss": 0.0035353428684175014, "Train Loss Dict/interlevel_loss": 0.001471455441787839, "Train Loss Dict/distortion_loss": 7.965292752487585e-05, "Train Metrics Dict/psnr": 24.515684127807617, "_runtime": 362.613249540329, "_step": 11582, "Eval Loss": 0.011788507923483849, "Eval Loss Dict/rgb_loss": 0.010433889925479889, "Eval Loss Dict/interlevel_loss": 0.0012805890291929245, "Eval Loss Dict/distortion_loss": 7.402893243124709e-05, "Eval Metrics Dict/psnr": 19.815536499023438, "Test Rays / Sec": 1017077.9746078777, "Eval Images Metrics/psnr": 20.0739803314209, "Eval Images Metrics/ssim": 0.670555055141449, "Eval Images Metrics/lpips": 0.2652890682220459, "Eval Images Metrics/image_idx": 21.0, "Eval Images Metrics/num_rays": 376000.0, "Eval Images/img": {"_type": "image-file", "sha256": "8b255430107df0c6a4de00ea7320b03508176e0e7d8c91d93b077a310fdcdc07", "size": 937398, "path": "media/images/Eval Images/img_11500_8b255430107df0c6a4de.png", "format": "png", "width": 1504, "height": 500}, "Eval Images/accumulation": {"_type": "image-file", "sha256": "da9c722760e5af26b1de661338247dbd7fdc41ce4e39d9f775dc3e72c3966b4c", "size": 114313, "path": "media/images/Eval Images/accumulation_11500_da9c722760e5af26b1de.png", "format": "png", "width": 752, "height": 500}, "Eval Images/depth": {"_type": "image-file", "sha256": "3394e8e865ba72921aa9613a62d48f8b30a140c4626363763af947f479e8f6a6", "size": 169886, "path": "media/images/Eval Images/depth_11500_3394e8e865ba72921aa9.png", "format": "png", "width": 752, "height": 500}, "_wandb": {"runtime": 362}}