{"Train Iter (time)": 0.020093882083892824, "_timestamp": 1664406815.3301187, "ETA (time)": 20066.05205720663, "Train Rays / Sec": 409734.6863338272, "Train Loss": 0.006430590990930796, "Train Loss Dict/rgb_loss": 0.006430590990930796, "Train Metrics Dict/psnr": 21.917491912841797, "Train Metrics Dict/num_samples_per_batch": 260567.0, "Train Metrics Dict/num_rays_per_batch": 2488.0, "_runtime": 44.01340675354004, "_step": 1385, "Eval Loss": 0.007358547765761614, "Eval Loss Dict/rgb_loss": 0.007358547765761614, "Eval Metrics Dict/psnr": 21.33207893371582, "Eval Metrics Dict/num_samples_per_batch": 261773.0, "Eval Metrics Dict/num_rays_per_batch": 2255.0, "Test Rays / Sec": 637663.3648011824, "Eval Images Metrics/psnr": 22.02944564819336, "Eval Images Metrics/ssim": 0.46647775173187256, "Eval Images Metrics/lpips": 0.5915257334709167, "Eval Images Metrics/image_idx": 4.0, "Eval Images Metrics/num_rays": 1088640.0, "Eval Images/img": {"_type": "image-file", "sha256": "c768cc3c5d1082dacf41cc31db193b9ed430f3ee6ad3ff67e74d5c5f416fb634", "size": 3131215, "path": "media/images/Eval Images/img_1000_c768cc3c5d1082dacf41.png", "format": "png", "width": 2592, "height": 840}, "Eval Images/accumulation": {"_type": "image-file", "sha256": "e6b0aecb96fc27788e4d9cd4a18b716c22a26fefc68e3e17a262b819776f430b", "size": 109817, "path": "media/images/Eval Images/accumulation_1000_e6b0aecb96fc27788e4d.png", "format": "png", "width": 1296, "height": 840}, "Eval Images/depth": {"_type": "image-file", "sha256": "7d641c7563f8ed74a26023dfc8cfc67c9b5c55606186610db13dacc3266143c5", "size": 588047, "path": "media/images/Eval Images/depth_1000_7d641c7563f8ed74a260.png", "format": "png", "width": 1296, "height": 840}, "Eval Images/alive_ray_mask": {"_type": "image-file", "sha256": "1d6ba735a7868580703dcd3fe7f67c08d81347c165d9c80a0398b76142593175", "size": 4919, "path": "media/images/Eval Images/alive_ray_mask_1000_1d6ba735a7868580703d.png", "format": "png", "width": 1296, "height": 840}, "_wandb": {"runtime": 43}}