{"Train Iter (time)": 0.022963893413543702, "_timestamp": 1664409549.0897784, "ETA (time)": 22879.661852502824, "Train Rays / Sec": 357107.11380000314, "Train Loss": 0.004880987107753754, "Train Loss Dict/rgb_loss": 0.004880987107753754, "Train Metrics Dict/psnr": 23.082500457763672, "Train Metrics Dict/num_samples_per_batch": 262909.0, "Train Metrics Dict/num_rays_per_batch": 4122.0, "_runtime": 115.55761241912842, "_step": 3668, "Eval Loss": 0.00616253400221467, "Eval Loss Dict/rgb_loss": 0.00616253400221467, "Eval Metrics Dict/psnr": 22.10359001159668, "Eval Metrics Dict/num_samples_per_batch": 256292.0, "Eval Metrics Dict/num_rays_per_batch": 4364.0, "Test Rays / Sec": 539219.8581025773, "Eval Images Metrics/psnr": 21.678396224975586, "Eval Images Metrics/ssim": 0.5010722279548645, "Eval Images Metrics/lpips": 0.48634767532348633, "Eval Images Metrics/image_idx": 8.0, "Eval Images Metrics/num_rays": 1088640.0, "Eval Images/img": {"_type": "image-file", "sha256": "df3e7ce904f0ef74790b8e65b193148801699372919780ef792fe556975033ef", "size": 3494051, "path": "media/images/Eval Images/img_3500_df3e7ce904f0ef74790b.png", "format": "png", "width": 2592, "height": 840}, "Eval Images/accumulation": {"_type": "image-file", "sha256": "876fd5e33bece0b1bb790e26e143ac1747ff311c3466627329dafe817cc40f21", "size": 55603, "path": "media/images/Eval Images/accumulation_3500_876fd5e33bece0b1bb79.png", "format": "png", "width": 1296, "height": 840}, "Eval Images/depth": {"_type": "image-file", "sha256": "f2bc1a6835d40e7d44d2410b8d9b3a9e8c04e4d04c2e8c2cd91d5ace7fb482bc", "size": 256152, "path": "media/images/Eval Images/depth_3500_f2bc1a6835d40e7d44d2.png", "format": "png", "width": 1296, "height": 840}, "Eval Images/alive_ray_mask": {"_type": "image-file", "sha256": "1d6ba735a7868580703dcd3fe7f67c08d81347c165d9c80a0398b76142593175", "size": 4919, "path": "media/images/Eval Images/alive_ray_mask_3500_1d6ba735a7868580703d.png", "format": "png", "width": 1296, "height": 840}, "_wandb": {"runtime": 115}}