{"Train Iter (time)": 0.026949238777160645, "_timestamp": 1664298010.2600558, "ETA (time)": 26730.11451666355, "Train Rays / Sec": 154003.73975762518, "Train Loss": 0.0036861225962638855, "Train Loss Dict/rgb_loss": 0.0030526197515428066, "Train Loss Dict/interlevel_loss": 0.0006314172642305493, "Train Loss Dict/distortion_loss": 2.0857930849160766e-06, "Train Metrics Dict/psnr": 25.15327262878418, "_runtime": 254.64300966262817, "_step": 8131, "Eval Loss": 0.005551306996494532, "Eval Loss Dict/rgb_loss": 0.004863550420850515, "Eval Loss Dict/interlevel_loss": 0.0006825117743574083, "Eval Loss Dict/distortion_loss": 5.2447021516854875e-06, "Eval Metrics Dict/psnr": 23.130464553833008, "Test Rays / Sec": 1046510.228111993, "Eval Images Metrics/psnr": 22.796510696411133, "Eval Images Metrics/ssim": 0.6044434905052185, "Eval Images Metrics/lpips": 0.33160310983657837, "Eval Images Metrics/image_idx": 14.0, "Eval Images Metrics/num_rays": 1088640.0, "Eval Images/img": {"_type": "image-file", "sha256": "d2249b3a35edcac15f2e25bd503a8eb88652432adf473b11fdf23a5ed26f515d", "size": 3747815, "path": "media/images/Eval Images/img_8000_d2249b3a35edcac15f2e.png", "format": "png", "width": 2592, "height": 840}, "Eval Images/accumulation": {"_type": "image-file", "sha256": "15abcabcd9f323ce18a2e692b81c49bcd555d0bf58b4876b1fbb0b38575e3597", "size": 328759, "path": "media/images/Eval Images/accumulation_8000_15abcabcd9f323ce18a2.png", "format": "png", "width": 1296, "height": 840}, "Eval Images/depth": {"_type": "image-file", "sha256": "3944635ead182472240d385d5082802d5fac0757271cc789468cf0a83345bb21", "size": 121041, "path": "media/images/Eval Images/depth_8000_3944635ead182472240d.png", "format": "png", "width": 1296, "height": 840}, "_wandb": {"runtime": 254}}