{"Train Iter (time)": 0.028564655780792238, "_timestamp": 1664347300.5120564, "ETA (time)": 28504.52718037367, "Train Rays / Sec": 146393.79953729807, "Train Loss": 0.0037045881617814302, "Train Loss Dict/rgb_loss": 0.003563523758202791, "Train Loss Dict/interlevel_loss": 9.700266673462465e-05, "Train Loss Dict/distortion_loss": 4.406169318826869e-05, "Train Metrics Dict/psnr": 24.481201171875, "_runtime": 67.54986524581909, "_step": 2105, "Eval Loss": 0.005655931308865547, "Eval Loss Dict/rgb_loss": 0.005549116991460323, "Eval Loss Dict/interlevel_loss": 6.286127609200776e-05, "Eval Loss Dict/distortion_loss": 4.3952808482572436e-05, "Eval Metrics Dict/psnr": 22.55776023864746, "Test Rays / Sec": 739758.3070523937, "Eval Images Metrics/psnr": 22.44954490661621, "Eval Images Metrics/ssim": 0.6673625111579895, "Eval Images Metrics/lpips": 0.2646336555480957, "Eval Images Metrics/image_idx": 15.0, "Eval Images Metrics/num_rays": 129600.0, "Eval Images/img": {"_type": "image-file", "sha256": "20434b37069919eef8c9dd54953b2a24b1a78be9e8dba96a7f8809e2bf3c7ce3", "size": 501422, "path": "media/images/Eval Images/img_2000_20434b37069919eef8c9.png", "format": "png", "width": 960, "height": 270}, "Eval Images/accumulation": {"_type": "image-file", "sha256": "80714803236e5f24b4a69bb28826f669464b6f7cb23e5bfea360e3af9e414cc8", "size": 37099, "path": "media/images/Eval Images/accumulation_2000_80714803236e5f24b4a6.png", "format": "png", "width": 480, "height": 270}, "Eval Images/depth": {"_type": "image-file", "sha256": "2380f97c473d0d844110fb5c514036fe70a3b27878b83192a644f3f62179a116", "size": 77379, "path": "media/images/Eval Images/depth_2000_2380f97c473d0d844110.png", "format": "png", "width": 480, "height": 270}, "Eval Images/prop_depth_0": {"_type": "image-file", "sha256": "264b338cbe1ffaa4d0496668d1a10a1d37389f0f11de359396ac67850c224baa", "size": 59982, "path": "media/images/Eval Images/prop_depth_0_2000_264b338cbe1ffaa4d049.png", "format": "png", "width": 480, "height": 270}, "_wandb": {"runtime": 67}}