{"Train Iter (time)": 0.020305848121643065, "_timestamp": 1664153649.4536839, "ETA (time)": 20285.562579369544, "Train Rays / Sec": 404000.30051300593, "Viewer Rendering (time)": 0.0005325794219970704, "Train Loss": 0.008573479950428009, "Train Loss Dict/rgb_loss": 0.008573479950428009, "Train Metrics Dict/psnr": 20.668426513671875, "Train Metrics Dict/num_samples_per_batch": 261908.0, "Train Metrics Dict/num_rays_per_batch": 1713.0, "_runtime": 59.528889894485474, "_step": 999, "Eval Loss": 0.02852228470146656, "Eval Loss Dict/rgb_loss": 0.02852228470146656, "Eval Metrics Dict/psnr": 15.448156356811523, "Eval Metrics Dict/num_samples_per_batch": 260507.0, "Eval Metrics Dict/num_rays_per_batch": 1528.0, "Test Rays / Sec": 464871.62716691685, "Eval Images Metrics/psnr": 16.280628204345703, "Eval Images Metrics/ssim": 0.45456066727638245, "Eval Images Metrics/lpips": 0.7397130727767944, "Eval Images Metrics/image_idx": 17.0, "Eval Images Metrics/num_rays": 4356240.0, "Eval Images/img": {"_type": "image-file", "sha256": "ff6f27310f492b337cfb7ca73e90061a3cb00a301e895420ed958c57eedeb07c", "size": 6892266, "path": "media/images/Eval Images/img_500_ff6f27310f492b337cfb.png", "format": "png", "width": 5186, "height": 1680}, "Eval Images/accumulation": {"_type": "image-file", "sha256": "6faa963f905af9fcabd3534085b6ffd31ddadd4cb60102d7eb8a4454a6b9e4ea", "size": 2089523, "path": "media/images/Eval Images/accumulation_500_6faa963f905af9fcabd3.png", "format": "png", "width": 2593, "height": 1680}, "Eval Images/depth": {"_type": "image-file", "sha256": "e8531bde84204c2579622a102c806a3f8871243c65f8b872aa37fdcb851d9660", "size": 3375582, "path": "media/images/Eval Images/depth_500_e8531bde84204c257962.png", "format": "png", "width": 2593, "height": 1680}, "Eval Images/alive_ray_mask": {"_type": "image-file", "sha256": "8856ddb6c61ab5207127612039d1bbffe6d07bc9f0c0090c07dec8be1dd31de2", "size": 16405, "path": "media/images/Eval Images/alive_ray_mask_500_8856ddb6c61ab5207127.png", "format": "png", "width": 2593, "height": 1680}, "_wandb": {"runtime": 66}}