{"Train Iter (time)": 0.026925086975097656, "_timestamp": 1664314977.62697, "ETA (time)": 26719.729336738586, "Train Rays / Sec": 153059.0643942038, "Train Loss": 0.003417335683479905, "Train Loss Dict/rgb_loss": 0.0028621749952435493, "Train Loss Dict/interlevel_loss": 0.0005394623731262982, "Train Loss Dict/distortion_loss": 1.569836604176089e-05, "Train Metrics Dict/psnr": 25.43303680419922, "_runtime": 214.86806106567383, "_step": 7627, "Eval Loss": 0.006363037973642349, "Eval Loss Dict/rgb_loss": 0.0058991871774196625, "Eval Loss Dict/interlevel_loss": 0.00042414903873577714, "Eval Loss Dict/distortion_loss": 3.9701862988295034e-05, "Eval Metrics Dict/psnr": 22.292078018188477, "Test Rays / Sec": 915858.9634226284, "Eval Images Metrics/psnr": 24.00063705444336, "Eval Images Metrics/ssim": 0.7594055533409119, "Eval Images Metrics/lpips": 0.12500602006912231, "Eval Images Metrics/image_idx": 5.0, "Eval Images Metrics/num_rays": 129600.0, "Eval Images/img": {"_type": "image-file", "sha256": "aa8daf2ffcd24eb19bcda93e65c02f7b08480677535e29855205de848096b668", "size": 422146, "path": "media/images/Eval Images/img_7500_aa8daf2ffcd24eb19bcd.png", "format": "png", "width": 960, "height": 270}, "Eval Images/accumulation": {"_type": "image-file", "sha256": "0aa3975f58493f7c4de908750e3618a4e61987d8da5393bbfa3a85cd501c1fde", "size": 40938, "path": "media/images/Eval Images/accumulation_7500_0aa3975f58493f7c4de9.png", "format": "png", "width": 480, "height": 270}, "Eval Images/depth": {"_type": "image-file", "sha256": "d6470c291b79559de186a297e0d1f7831805dd753b5b946b0c905580da9045ad", "size": 116793, "path": "media/images/Eval Images/depth_7500_d6470c291b79559de186.png", "format": "png", "width": 480, "height": 270}, "_wandb": {"runtime": 214}}